date,hotel_11_canceled,hotel_18_canceled,hotel_57_canceled,hotel_65_canceled,hotel_72_canceled,hotel_86_canceled,hotel_94_canceled,hotel_99_canceled,hotel_108_canceled,hotel_126_canceled,hotel_134_canceled,hotel_146_canceled,hotel_147_canceled,hotel_284_canceled,hotel_294_canceled,hotel_295_canceled,hotel_342_canceled
2018/12/4,-,2,-,-,-,-,-,-,-,-,-,-,-,-,-,-,-
2018/12/5,-,4,-,-,-,-,-,-,-,-,-,-,-,-,-,-,-
2018/12/6,-,0,-,-,-,-,-,-,-,-,-,-,-,-,-,-,-
2018/12/7,-,0,-,-,-,-,-,-,-,-,-,-,-,-,-,-,-
2018/12/8,-,0,-,-,-,-,-,-,-,-,-,-,-,-,-,-,-
2018/12/9,-,0,-,-,-,-,-,-,-,-,-,-,-,-,-,-,-
2018/12/10,-,0,-,-,-,-,-,-,-,-,-,-,-,-,-,-,-
2018/12/11,-,1,-,-,-,-,-,-,-,-,-,-,-,-,-,-,-
2018/12/12,-,1,-,-,-,-,-,-,-,-,-,-,-,-,-,-,-
2018/12/13,-,4,-,-,-,-,-,-,-,-,-,-,-,-,-,-,-
2018/12/14,-,6,-,-,-,-,-,-,-,-,-,-,-,-,-,-,-
2018/12/15,-,28,-,-,-,-,-,-,-,-,-,-,-,-,-,-,-
2018/12/16,-,8,-,-,-,-,-,-,-,-,-,-,-,-,-,-,-
2018/12/17,-,2,-,-,-,-,-,-,-,-,-,-,-,-,-,-,-
2018/12/18,-,1,-,-,-,-,-,-,-,-,-,-,-,-,-,-,-
2018/12/19,-,2,-,-,-,-,-,-,-,-,-,-,-,-,-,-,-
2018/12/20,-,1,-,-,-,-,-,-,-,-,-,-,-,-,-,-,-
2018/12/21,-,0,-,-,-,-,-,-,-,-,-,-,-,-,-,-,-
2018/12/22,-,9,-,-,-,-,-,-,-,-,-,-,-,-,-,-,-
2018/12/23,-,8,-,-,-,-,-,-,-,-,-,-,-,-,-,-,-
2018/12/24,-,1,-,-,-,-,-,-,-,-,-,-,-,-,-,-,-
2018/12/25,-,0,-,-,-,-,-,-,-,-,-,-,-,-,-,-,-
2018/12/26,-,2,-,-,-,-,-,-,-,-,-,-,-,-,-,-,-
2018/12/27,-,3,-,-,-,-,-,-,-,-,-,-,-,-,-,-,-
2018/12/28,-,12,-,-,-,-,-,-,-,-,-,-,-,-,-,-,-
2018/12/29,-,31,-,-,-,-,-,-,-,-,-,-,-,-,-,-,-
2018/12/30,-,60,-,-,-,-,-,-,-,-,-,-,-,-,-,-,-
2018/12/31,-,59,-,-,-,-,-,-,-,-,-,-,-,-,-,-,-
2019/1/1,-,9,-,-,-,-,-,-,-,-,-,-,-,-,-,-,-
2019/1/2,-,2,-,-,-,-,-,-,-,-,-,-,-,-,-,-,-
2019/1/3,-,4,-,-,-,-,-,-,-,-,-,-,-,-,-,-,-
2019/1/4,-,5,-,-,-,-,-,-,-,-,-,-,-,-,-,-,-
2019/1/5,-,13,-,-,-,-,-,-,-,-,-,-,-,-,-,-,-
2019/1/6,-,7,-,-,-,-,-,-,-,-,-,-,-,-,-,-,-
2019/1/7,-,2,-,-,-,-,-,-,-,-,-,-,-,-,-,-,-
2019/1/8,-,0,-,-,-,-,-,-,-,-,-,-,-,-,-,-,-
2019/1/9,-,2,-,-,-,-,-,-,-,-,-,-,-,-,-,-,-
2019/1/10,-,3,-,-,-,-,-,-,-,-,-,-,-,-,-,-,-
2019/1/11,-,4,-,-,-,-,-,-,-,-,-,-,-,-,-,-,-
2019/1/12,-,11,-,-,-,-,-,-,-,-,-,-,-,-,-,-,-
2019/1/13,-,5,-,-,-,-,-,-,-,-,-,-,-,-,-,-,-
2019/1/14,-,2,-,-,-,-,-,-,-,-,-,-,-,-,-,-,-
2019/1/15,-,1,-,-,-,-,-,-,-,-,-,-,-,-,-,-,-
2019/1/16,-,4,-,-,-,-,-,-,-,-,-,-,-,-,-,-,-
2019/1/17,-,0,-,-,-,-,-,-,-,-,-,-,-,-,-,-,-
2019/1/18,-,2,-,-,-,-,-,-,-,-,-,-,-,-,-,-,-
2019/1/19,-,4,-,-,-,-,-,-,-,-,-,-,-,-,-,-,-
2019/1/20,-,3,-,-,-,-,-,-,-,-,-,-,-,-,-,-,-
2019/1/21,-,1,-,-,-,-,-,-,-,-,-,-,-,-,-,-,-
2019/1/22,-,2,-,-,-,-,-,-,-,-,-,-,-,-,-,-,-
2019/1/23,-,4,-,-,-,-,-,-,-,-,-,-,-,-,-,-,-
2019/1/24,-,3,-,-,-,-,-,-,-,-,-,-,-,-,-,-,-
2019/1/25,-,7,-,-,-,-,-,-,-,-,-,-,-,-,-,-,-
2019/1/26,-,7,-,-,-,-,-,-,-,-,-,-,-,-,-,-,-
2019/1/27,-,2,-,-,-,-,-,-,-,-,-,-,-,-,-,-,-
2019/1/28,-,7,-,-,-,-,-,-,-,-,-,-,-,-,-,-,-
2019/1/29,-,4,-,-,-,-,-,-,-,-,-,-,-,-,-,-,-
2019/1/30,-,1,-,-,-,-,-,-,-,-,-,-,-,-,-,-,-
2019/1/31,-,3,-,-,-,-,-,-,-,-,-,-,-,-,-,-,-
2019/2/1,-,4,-,-,-,-,-,-,-,-,-,-,-,-,-,-,-
2019/2/2,-,9,-,-,-,-,-,-,-,-,-,-,-,-,-,-,-
2019/2/3,-,0,-,-,-,-,-,-,-,-,-,-,-,-,-,-,-
2019/2/4,-,2,-,-,-,-,-,-,-,-,-,-,-,-,-,-,-
2019/2/5,-,8,-,-,-,-,-,-,-,-,-,-,-,-,-,-,-
2019/2/6,-,33,-,-,-,-,-,-,-,-,-,-,-,-,-,-,-
2019/2/7,-,41,-,-,-,-,-,-,-,-,-,-,-,-,-,-,-
2019/2/8,-,24,-,-,-,-,-,-,-,-,-,-,-,-,-,-,-
2019/2/9,-,16,-,-,-,-,-,-,-,-,-,-,-,-,-,-,-
2019/2/10,-,10,-,-,-,-,-,-,-,-,-,-,-,-,-,-,-
2019/2/11,-,10,-,-,-,-,-,-,-,-,-,-,-,-,-,-,-
2019/2/12,-,7,-,-,-,-,-,-,-,-,-,-,-,-,-,-,-
2019/2/13,-,1,-,-,-,-,-,-,-,-,-,-,-,-,-,-,-
2019/2/14,-,3,-,-,-,-,-,-,-,-,-,-,-,-,-,-,-
2019/2/15,-,4,-,-,-,-,-,-,-,-,-,-,-,-,-,-,-
2019/2/16,-,8,-,-,-,-,-,-,-,-,-,-,-,-,-,-,-
2019/2/17,-,2,-,-,-,-,-,-,-,-,-,-,-,-,-,-,-
2019/2/18,-,3,-,-,-,-,-,-,-,-,-,-,-,-,-,-,-
2019/2/19,-,1,-,-,-,-,-,-,-,-,-,-,-,-,-,-,-
2019/2/20,-,15,-,-,-,-,-,-,-,-,-,-,-,-,-,-,-
2019/2/21,-,7,-,-,-,-,-,-,-,-,-,-,-,-,-,-,-
2019/2/22,-,4,-,-,-,-,-,-,-,-,-,-,-,-,-,-,-
2019/2/23,-,6,-,-,-,-,-,-,-,-,-,-,-,-,-,-,-
2019/2/24,-,0,-,-,-,-,-,-,-,-,-,-,-,-,-,-,-
2019/2/25,-,5,2,-,-,-,-,-,-,-,-,-,-,-,-,-,-
2019/2/26,-,3,1,-,-,-,-,-,-,-,-,-,-,-,-,-,-
2019/2/27,-,2,1,-,-,-,-,-,-,-,-,-,-,-,-,-,-
2019/2/28,-,40,1,-,-,-,-,-,-,-,-,-,-,-,-,-,-
2019/3/1,-,26,1,-,-,-,-,-,-,-,-,-,-,-,-,-,-
2019/3/2,-,14,0,-,-,-,-,-,-,-,-,-,-,-,-,-,-
2019/3/3,-,5,0,-,-,-,-,-,-,-,-,-,-,-,-,-,-
2019/3/4,-,1,0,-,-,-,-,-,-,-,-,-,-,-,-,-,-
2019/3/5,-,3,0,-,-,-,-,-,-,-,-,-,-,-,-,-,-
2019/3/6,-,6,0,-,-,-,-,-,-,-,-,-,-,-,-,-,-
2019/3/7,-,1,1,-,-,-,-,-,-,-,-,-,-,-,-,-,-
2019/3/8,-,18,2,-,-,-,-,-,-,-,-,-,-,-,-,-,-
2019/3/9,-,10,2,-,-,-,-,-,-,-,-,-,-,-,-,-,-
2019/3/10,-,4,2,-,-,-,-,-,-,-,-,-,-,-,-,-,-
2019/3/11,-,8,1,-,-,-,-,-,-,-,-,-,-,-,-,-,-
2019/3/12,-,0,2,-,-,-,-,-,-,-,-,-,-,-,-,-,-
2019/3/13,-,4,1,-,-,-,-,-,-,-,-,-,-,-,-,-,-
2019/3/14,-,3,2,-,-,-,-,-,-,-,-,-,-,-,-,-,-
2019/3/15,-,10,2,-,-,-,-,-,-,-,-,-,-,-,-,-,-
2019/3/16,-,15,0,-,-,-,-,-,-,-,-,-,-,-,-,-,-
2019/3/17,-,3,0,-,-,-,-,-,-,-,-,-,-,-,-,-,-
2019/3/18,-,8,0,-,-,-,-,-,-,-,-,-,-,-,-,-,-
2019/3/19,-,3,0,-,-,-,-,-,-,-,-,-,-,-,-,-,-
2019/3/20,-,2,0,-,-,-,-,-,-,-,-,-,-,-,-,-,-
2019/3/21,-,4,0,-,-,-,-,-,-,-,-,-,-,-,-,-,-
2019/3/22,-,6,2,-,-,-,-,-,-,-,-,-,-,-,-,-,-
2019/3/23,-,15,2,-,-,-,-,-,-,-,-,-,-,-,-,-,-
2019/3/24,-,8,0,-,-,-,-,-,-,-,-,-,-,-,-,-,-
2019/3/25,-,5,0,-,-,-,-,-,-,-,-,-,-,-,-,-,-
2019/3/26,-,3,0,-,-,-,-,-,-,-,-,-,-,-,-,-,-
2019/3/27,-,2,1,-,-,-,-,-,-,-,-,-,-,-,-,-,-
2019/3/28,-,1,0,-,-,-,-,-,-,-,-,-,-,-,-,-,-
2019/3/29,-,18,0,-,-,-,-,-,-,-,-,-,-,-,-,-,-
2019/3/30,-,18,0,-,-,-,-,-,-,-,-,-,-,-,-,-,-
2019/3/31,-,9,0,-,-,-,-,-,-,-,-,-,-,-,-,-,-
2019/4/1,-,8,4,-,-,-,-,-,-,-,-,-,-,-,-,-,-
2019/4/2,-,2,1,-,-,-,-,-,-,-,-,-,-,-,-,-,-
2019/4/3,-,12,8,-,-,-,-,-,-,-,-,-,-,-,-,-,-
2019/4/4,-,23,0,-,-,-,-,-,-,-,-,-,-,-,-,-,-
2019/4/5,-,21,0,-,-,-,-,-,-,-,-,-,-,-,-,-,-
2019/4/6,-,17,0,-,-,-,-,-,-,-,-,-,-,-,-,-,-
2019/4/7,-,14,0,-,-,-,-,-,-,-,-,-,-,-,-,-,-
2019/4/8,-,7,5,-,-,-,-,-,-,-,-,-,-,-,-,-,-
2019/4/9,-,10,1,-,-,-,-,-,-,-,-,-,-,-,-,-,-
2019/4/10,-,4,3,-,-,-,-,-,-,-,-,-,-,-,-,-,-
2019/4/11,-,0,17,-,-,-,-,-,-,-,-,-,-,-,-,-,-
2019/4/12,-,8,4,-,-,-,-,-,-,-,-,-,-,-,-,-,-
2019/4/13,-,10,0,-,-,-,-,-,-,-,-,-,-,-,-,-,-
2019/4/14,-,4,0,-,-,-,-,-,-,-,-,-,-,-,-,-,-
2019/4/15,-,6,10,-,-,-,-,-,-,-,-,-,-,-,-,-,-
2019/4/16,-,2,30,-,-,-,-,-,-,-,-,-,-,-,-,-,-
2019/4/17,-,3,2,-,-,-,-,-,-,-,-,-,-,-,-,-,-
2019/4/18,-,5,1,-,-,-,-,-,-,-,-,-,-,-,-,-,-
2019/4/19,-,17,1,-,-,-,-,-,-,-,-,-,-,-,-,-,-
2019/4/20,-,24,1,-,-,-,-,-,-,-,-,-,-,-,-,-,-
2019/4/21,-,5,2,-,-,-,-,-,-,-,-,-,-,-,-,-,-
2019/4/22,-,4,16,-,-,-,-,-,-,-,-,-,-,-,-,-,-
2019/4/23,-,0,0,-,-,-,-,-,-,-,-,-,-,-,-,-,-
2019/4/24,-,4,20,-,-,-,-,-,-,-,-,-,-,-,-,-,-
2019/4/25,-,4,8,-,-,-,-,-,-,-,-,-,-,-,-,-,-
2019/4/26,-,8,0,-,-,-,-,-,-,-,-,-,-,-,-,-,-
2019/4/27,-,15,6,-,-,-,-,-,-,-,-,-,-,-,-,-,-
2019/4/28,-,9,3,-,-,-,-,-,-,-,-,-,-,-,-,-,-
2019/4/29,-,9,7,-,-,-,-,-,-,-,-,-,-,-,-,-,-
2019/4/30,-,6,3,-,-,-,-,-,-,-,-,-,-,-,-,-,-
2019/5/1,-,8,3,-,-,-,-,-,-,-,-,-,-,-,-,-,-
2019/5/2,-,2,3,-,-,-,-,-,-,-,-,-,-,-,-,-,-
2019/5/3,-,21,3,-,-,-,-,-,-,-,-,-,-,-,-,-,-
2019/5/4,-,22,3,-,-,-,-,-,-,-,-,-,-,-,-,-,-
2019/5/5,-,6,3,-,-,-,-,-,-,-,-,-,-,-,-,-,-
2019/5/6,-,6,5,1,-,-,-,-,-,-,-,-,-,-,-,-,-
2019/5/7,-,8,5,0,-,-,-,-,-,-,-,-,-,-,-,-,-
2019/5/8,-,6,2,0,-,-,-,-,-,-,-,-,-,-,-,-,-
2019/5/9,-,4,0,0,-,-,-,-,-,-,-,-,-,-,-,-,-
2019/5/10,-,7,0,2,-,-,-,-,-,-,-,-,-,-,-,-,-
2019/5/11,-,17,6,0,-,-,-,-,-,-,-,-,-,-,-,-,-
2019/5/12,-,2,6,0,-,-,-,-,-,-,-,-,-,-,-,-,-
2019/5/13,-,4,4,2,-,-,-,-,-,-,-,-,-,-,-,-,-
2019/5/14,-,3,6,0,-,-,-,-,-,-,-,-,-,-,-,-,-
2019/5/15,-,3,2,1,-,-,-,-,-,-,-,-,-,-,-,-,-
2019/5/16,-,2,1,2,-,-,-,-,-,-,-,-,-,-,-,-,-
2019/5/17,-,9,5,0,-,-,-,-,-,-,-,-,-,-,-,-,-
2019/5/18,-,18,1,1,-,-,-,-,-,-,-,-,-,-,-,-,-
2019/5/19,-,1,4,2,-,-,-,-,-,-,-,-,-,-,-,-,-
2019/5/20,-,2,0,1,-,-,-,-,-,-,-,-,-,-,-,-,-
2019/5/21,-,2,2,1,-,-,-,-,-,-,-,-,-,-,-,-,-
2019/5/22,-,3,0,2,-,-,-,-,-,-,-,-,-,-,-,-,-
2019/5/23,-,2,2,0,-,-,-,-,-,-,-,-,-,-,-,-,-
2019/5/24,-,7,8,2,-,-,-,-,-,-,-,-,-,-,-,-,-
2019/5/25,-,12,9,2,-,-,-,-,-,-,-,-,-,-,-,-,-
2019/5/26,-,1,2,1,-,-,-,-,-,-,-,-,-,-,-,-,-
2019/5/27,-,0,2,0,-,-,-,-,-,-,-,-,-,-,-,-,-
2019/5/28,-,2,0,1,-,-,-,-,-,-,-,-,-,-,-,-,-
2019/5/29,-,18,2,0,-,-,-,-,-,-,-,-,-,-,-,-,-
2019/5/30,-,2,5,0,-,-,-,-,-,-,-,-,-,-,-,-,-
2019/5/31,-,10,6,1,-,-,-,-,-,-,-,-,-,-,-,-,-
2019/6/1,-,16,4,3,-,-,-,-,-,-,-,-,-,-,-,-,-
2019/6/2,-,9,4,3,-,-,-,-,-,-,-,-,-,-,-,-,-
2019/6/3,-,4,2,0,-,-,-,-,-,-,-,-,-,-,-,-,-
2019/6/4,-,6,3,2,-,-,-,-,-,-,-,-,-,-,-,-,-
2019/6/5,1,5,0,3,-,-,-,-,-,-,-,-,-,-,-,-,-
2019/6/6,1,5,2,0,-,-,-,-,-,-,-,-,-,-,-,-,-
2019/6/7,0,21,3,3,-,-,-,-,-,-,-,-,-,-,-,-,-
2019/6/8,0,8,3,1,-,-,-,-,-,-,-,-,-,-,-,-,-
2019/6/9,0,2,1,0,-,-,-,-,-,-,-,-,-,-,-,-,-
2019/6/10,4,3,3,2,-,-,-,-,-,-,-,-,-,-,-,-,-
2019/6/11,3,2,3,2,-,-,-,-,-,-,-,-,-,-,-,-,-
2019/6/12,1,2,2,1,-,-,-,-,-,-,-,-,-,-,-,-,-
2019/6/13,0,16,2,1,-,-,-,-,-,-,-,-,-,-,-,-,-
2019/6/14,1,4,2,3,-,-,-,-,-,-,-,-,-,-,-,-,-
2019/6/15,3,9,2,2,-,-,-,-,-,-,-,-,-,-,-,-,-
2019/6/16,0,1,6,0,-,-,-,-,-,-,-,-,-,-,-,-,-
2019/6/17,2,0,2,0,-,-,-,-,-,-,-,-,-,-,-,-,-
2019/6/18,0,0,3,0,-,-,-,-,-,-,-,-,-,-,-,-,-
2019/6/19,0,0,2,0,-,-,-,-,-,-,-,-,-,-,-,-,-
2019/6/20,1,0,2,0,-,-,-,-,-,-,-,-,-,-,-,-,-
2019/6/21,6,4,2,0,-,-,-,-,-,-,-,-,-,-,-,-,-
2019/6/22,14,9,1,0,-,-,-,-,-,-,-,-,-,-,-,-,-
2019/6/23,15,3,0,0,-,-,-,-,-,-,-,-,-,-,-,-,-
2019/6/24,11,2,1,0,-,-,-,-,-,-,-,-,-,-,-,-,-
2019/6/25,13,1,1,0,6,-,-,-,-,-,-,-,-,-,-,-,-
2019/6/26,5,1,5,0,1,-,-,-,-,-,-,-,-,-,-,-,-
2019/6/27,5,5,1,0,5,-,-,-,-,-,-,-,-,-,-,-,-
2019/6/28,10,4,1,0,2,-,-,-,-,-,-,-,-,-,-,-,-
2019/6/29,9,10,1,1,4,-,-,-,-,-,-,-,-,-,-,-,-
2019/6/30,6,5,0,1,2,-,-,-,-,-,-,-,-,-,-,-,-
2019/7/1,2,2,2,2,1,-,-,-,-,-,-,-,-,-,-,-,-
2019/7/2,2,5,1,0,0,-,-,-,-,-,-,-,-,-,-,-,-
2019/7/3,5,6,2,2,0,-,-,-,-,-,-,-,-,-,-,-,-
2019/7/4,1,7,2,1,2,-,-,-,-,-,-,-,-,-,-,-,-
2019/7/5,3,8,2,1,2,-,-,-,-,-,-,-,-,-,-,-,-
2019/7/6,5,5,4,2,2,-,-,-,-,-,-,-,-,-,-,-,-
2019/7/7,2,5,2,0,2,-,-,-,-,-,-,-,-,-,-,-,-
2019/7/8,3,1,3,0,1,-,-,-,-,-,-,-,-,-,-,-,-
2019/7/9,2,3,4,0,1,-,-,-,-,-,-,-,-,-,-,-,-
2019/7/10,2,7,5,0,1,-,-,-,-,-,-,-,-,-,-,-,-
2019/7/11,2,2,2,1,2,-,-,-,-,-,-,-,-,-,-,-,-
2019/7/12,5,7,4,1,2,-,-,-,-,-,-,-,-,-,-,-,-
2019/7/13,2,13,4,3,8,-,-,-,-,-,-,-,-,-,-,-,-
2019/7/14,8,4,3,3,3,-,-,-,-,-,-,-,-,-,-,-,-
2019/7/15,13,4,1,0,0,-,-,-,-,-,-,-,-,-,-,-,-
2019/7/16,12,3,1,2,1,-,-,-,-,-,-,-,-,-,-,-,-
2019/7/17,16,5,1,2,3,-,-,-,-,-,-,-,-,-,-,-,-
2019/7/18,6,4,1,3,2,-,-,-,-,-,-,-,-,-,-,-,-
2019/7/19,5,4,3,3,3,-,-,-,-,-,-,-,-,-,-,-,-
2019/7/20,11,12,5,1,4,-,-,-,-,-,-,-,-,-,-,-,-
2019/7/21,4,7,6,1,1,-,-,-,-,-,-,-,-,-,-,-,-
2019/7/22,3,3,1,5,0,-,-,-,-,-,-,-,-,-,-,-,-
2019/7/23,5,3,0,0,0,-,-,-,-,-,-,-,-,-,-,-,-
2019/7/24,4,5,2,0,3,-,-,-,-,-,-,-,-,-,-,-,-
2019/7/25,2,6,2,0,2,-,-,-,-,-,-,-,-,-,-,-,-
2019/7/26,8,9,5,2,1,-,-,-,-,-,-,-,-,-,-,-,-
2019/7/27,4,18,3,6,6,-,-,-,-,-,-,-,-,-,-,-,-
2019/7/28,9,5,4,2,6,-,-,-,-,-,-,-,-,-,-,-,-
2019/7/29,4,3,5,1,1,-,-,-,-,-,-,-,-,-,-,-,-
2019/7/30,7,2,0,0,0,-,-,-,-,-,-,-,-,-,-,-,-
2019/7/31,4,0,2,0,2,-,-,-,-,-,-,-,-,-,-,-,-
2019/8/1,5,6,3,0,2,-,-,-,-,-,-,-,-,-,-,-,-
2019/8/2,13,20,1,4,3,-,-,-,-,-,-,-,-,-,-,-,-
2019/8/3,8,9,2,4,6,-,-,-,-,-,-,-,-,-,-,-,-
2019/8/4,7,2,2,3,2,-,-,-,-,-,-,-,-,-,-,-,-
2019/8/5,3,2,3,2,0,-,-,-,-,-,-,-,-,-,-,-,-
2019/8/6,6,3,2,3,4,-,-,-,-,-,-,-,-,-,-,-,-
2019/8/7,8,0,1,1,2,-,-,-,-,-,-,-,-,-,-,-,-
2019/8/8,14,5,4,1,1,-,-,-,-,-,-,-,-,-,-,-,-
2019/8/9,13,9,7,3,2,-,-,-,-,-,-,-,-,-,-,-,-
2019/8/10,12,8,4,0,4,-,-,-,-,-,-,-,-,-,-,-,-
2019/8/11,3,3,1,4,0,-,-,-,-,-,-,-,-,-,-,-,-
2019/8/12,18,3,4,1,2,-,-,-,-,-,-,-,-,-,-,-,-
2019/8/13,10,6,4,2,1,-,-,-,-,-,-,-,-,-,-,-,-
2019/8/14,7,6,2,1,2,-,-,-,-,-,-,-,-,-,-,-,-
2019/8/15,15,2,3,0,1,-,-,-,-,-,-,-,-,-,-,-,-
2019/8/16,10,18,1,2,1,-,-,-,-,-,-,-,-,-,-,-,-
2019/8/17,15,27,1,0,6,-,-,-,-,-,-,-,-,-,-,-,-
2019/8/18,9,8,1,4,0,-,-,-,-,-,-,-,-,-,-,-,-
2019/8/19,7,4,3,4,2,-,-,-,-,-,-,-,-,-,-,-,-
2019/8/20,12,13,1,1,2,-,-,-,-,-,-,-,-,-,-,-,-
2019/8/21,8,3,17,6,4,-,-,-,-,-,-,-,-,-,-,-,-
2019/8/22,4,9,1,2,0,-,-,-,-,-,-,-,-,-,-,-,-
2019/8/23,10,12,3,10,3,-,-,-,-,-,-,-,-,-,-,-,-
2019/8/24,23,17,4,10,4,-,-,-,-,-,-,-,-,-,-,-,-
2019/8/25,10,2,2,8,2,-,-,-,-,-,-,-,-,-,-,-,-
2019/8/26,6,3,5,1,1,-,-,-,-,-,-,-,-,-,-,-,-
2019/8/27,8,4,2,2,1,-,-,-,-,-,-,-,-,-,-,-,-
2019/8/28,4,5,3,1,2,-,-,-,-,-,-,-,-,-,-,-,-
2019/8/29,5,2,1,3,2,-,-,-,-,-,-,-,-,-,-,-,-
2019/8/30,6,11,9,3,3,-,-,-,-,-,-,-,-,-,-,-,-
2019/8/31,11,11,4,2,4,-,-,-,-,-,-,-,-,-,-,-,-
2019/9/1,9,4,3,0,2,-,-,-,-,-,-,-,-,-,-,-,-
2019/9/2,4,2,0,0,1,-,-,-,-,-,-,-,-,-,-,-,-
2019/9/3,8,1,1,0,3,-,-,-,-,-,-,-,-,-,-,-,-
2019/9/4,5,2,4,0,6,-,-,-,-,-,-,-,-,-,-,-,-
2019/9/5,5,2,7,0,2,-,-,-,-,-,-,-,-,-,-,-,-
2019/9/6,12,7,3,0,2,-,-,-,-,-,-,-,-,-,-,-,-
2019/9/7,11,15,4,1,4,-,-,-,-,-,-,-,-,-,-,-,-
2019/9/8,2,7,4,0,2,-,-,-,-,-,-,-,-,-,-,-,-
2019/9/9,3,5,2,0,2,-,-,-,-,-,-,-,-,-,-,-,-
2019/9/10,14,2,2,0,5,-,-,-,-,-,-,-,-,-,-,-,-
2019/9/11,5,3,3,0,3,-,-,-,-,-,-,-,-,-,-,-,-
2019/9/12,13,5,7,0,1,-,-,-,-,-,-,-,-,-,-,-,-
2019/9/13,5,8,4,3,2,-,-,-,-,-,-,-,-,-,-,-,-
2019/9/14,18,16,4,1,5,-,-,-,-,-,-,-,-,-,-,-,-
2019/9/15,8,2,1,0,5,-,-,-,-,-,-,-,-,-,-,-,-
2019/9/16,8,3,1,0,3,-,-,-,-,-,-,-,-,-,-,-,-
2019/9/17,14,3,1,0,5,-,-,-,-,-,-,-,-,-,-,-,-
2019/9/18,10,1,2,0,6,-,-,-,-,-,-,-,-,-,-,-,-
2019/9/19,6,4,3,0,1,-,-,-,-,-,-,-,-,-,-,-,-
2019/9/20,9,9,2,0,5,-,-,-,-,-,-,-,-,-,-,-,-
2019/9/21,9,10,5,2,8,-,-,-,-,-,-,-,-,-,-,-,-
2019/9/22,12,2,4,1,9,-,-,-,-,-,-,-,-,-,-,-,-
2019/9/23,8,3,4,0,8,-,-,-,-,-,-,-,-,-,-,-,-
2019/9/24,4,2,2,0,4,-,-,-,-,-,-,-,-,-,-,-,-
2019/9/25,7,2,5,1,0,-,-,-,-,-,-,-,-,-,-,-,-
2019/9/26,10,4,4,0,3,-,-,-,-,-,-,-,-,-,-,-,-
2019/9/27,12,14,10,1,3,-,-,-,-,-,-,-,-,-,-,-,-
2019/9/28,14,15,7,3,3,-,-,-,-,-,-,-,-,-,-,-,-
2019/9/29,18,5,7,5,9,-,-,-,-,-,-,-,-,-,-,-,-
2019/9/30,11,1,4,2,7,-,-,-,-,-,-,-,-,-,-,-,-
2019/10/1,6,6,6,1,1,-,-,-,-,-,-,-,-,-,-,-,-
2019/10/2,2,3,2,1,4,-,-,-,-,-,-,-,-,-,-,-,-
2019/10/3,10,1,5,6,3,-,-,-,-,-,-,-,-,-,-,-,-
2019/10/4,15,4,4,2,2,-,-,-,-,-,-,-,-,-,-,-,-
2019/10/5,13,11,3,2,5,-,-,-,-,-,-,-,-,-,-,-,-
2019/10/6,7,1,8,0,3,-,-,-,-,-,-,-,-,-,-,-,-
2019/10/7,3,1,2,0,2,-,-,-,-,-,-,-,-,-,-,-,-
2019/10/8,11,5,3,0,4,-,-,-,-,-,-,-,-,-,-,-,-
2019/10/9,13,6,3,1,3,-,-,-,-,-,-,-,-,-,-,-,-
2019/10/10,23,22,4,2,11,-,-,-,-,-,-,-,-,-,-,-,-
2019/10/11,24,27,3,1,3,-,-,-,-,-,-,-,-,-,-,-,-
2019/10/12,23,20,4,3,8,-,-,-,-,-,-,-,-,-,-,-,-
2019/10/13,2,5,5,0,2,-,-,-,-,-,-,-,-,-,-,-,-
2019/10/14,6,5,3,0,4,-,-,-,-,-,-,-,-,-,-,-,-
2019/10/15,5,4,3,0,3,-,-,-,-,-,-,-,-,-,-,-,-
2019/10/16,7,2,4,0,5,-,-,-,-,-,-,-,-,-,-,-,-
2019/10/17,19,2,8,2,8,-,-,-,-,-,-,-,-,-,-,-,-
2019/10/18,12,10,6,0,4,-,-,-,-,-,-,-,-,-,-,-,-
2019/10/19,20,10,5,13,6,-,-,-,-,-,-,-,-,-,-,-,-
2019/10/20,10,4,8,1,2,-,-,-,-,-,-,-,-,-,-,-,-
2019/10/21,7,3,4,0,4,-,-,-,-,-,-,-,-,-,-,-,-
2019/10/22,16,3,5,0,2,-,-,-,-,-,-,-,-,-,-,-,-
2019/10/23,12,1,7,2,5,-,-,-,-,-,-,-,-,-,-,-,-
2019/10/24,18,3,7,0,13,-,-,-,-,-,-,-,-,-,-,-,-
2019/10/25,18,3,7,2,8,-,-,-,-,-,-,-,-,-,-,-,-
2019/10/26,34,5,4,8,5,-,-,-,-,-,-,-,-,-,-,-,-
2019/10/27,12,2,7,5,6,-,-,-,-,-,-,-,-,-,-,-,-
2019/10/28,5,1,5,0,6,-,-,-,-,-,-,-,-,-,-,-,-
2019/10/29,9,1,17,0,8,-,-,-,-,-,-,-,-,-,-,-,-
2019/10/30,9,0,10,0,9,-,-,-,-,-,-,-,-,-,-,-,-
2019/10/31,7,2,18,0,4,-,-,-,-,-,-,-,-,-,-,-,-
2019/11/1,15,5,7,0,6,-,-,-,-,-,-,-,-,-,-,-,-
2019/11/2,11,4,2,13,4,-,-,-,-,-,-,-,-,-,-,-,-
2019/11/3,17,5,4,0,6,-,-,-,-,-,-,-,-,-,-,-,-
2019/11/4,16,2,6,1,7,-,-,-,-,-,-,-,-,-,-,-,-
2019/11/5,6,3,7,0,9,-,-,-,-,-,-,-,-,-,-,-,-
2019/11/6,9,2,8,1,9,-,-,-,-,-,-,-,-,-,-,-,-
2019/11/7,4,0,5,0,2,-,-,-,-,-,-,-,-,-,-,-,-
2019/11/8,8,4,7,0,5,-,-,-,-,-,-,-,-,-,-,-,-
2019/11/9,12,12,3,3,5,-,-,-,-,-,-,-,-,-,-,-,-
2019/11/10,10,4,7,0,6,-,-,-,-,-,-,-,-,-,-,-,-
2019/11/11,9,1,5,0,5,-,-,-,-,-,-,-,-,-,-,-,-
2019/11/12,4,3,9,0,2,-,-,-,-,-,-,-,-,-,-,-,-
2019/11/13,11,0,10,1,5,-,-,-,-,-,-,-,-,-,-,-,-
2019/11/14,14,2,5,1,3,2,-,-,-,-,-,-,-,-,-,-,-
2019/11/15,10,12,3,0,10,0,-,-,-,-,-,-,-,-,-,-,-
2019/11/16,15,13,13,4,7,0,-,-,-,-,-,-,-,-,-,-,-
2019/11/17,10,4,2,0,6,0,-,-,-,-,-,-,-,-,-,-,-
2019/11/18,14,2,3,0,9,1,-,-,-,-,-,-,-,-,-,-,-
2019/11/19,15,2,6,1,11,6,-,-,-,-,-,-,-,-,-,-,-
2019/11/20,6,2,9,0,16,2,-,-,-,-,-,-,-,-,-,-,-
2019/11/21,11,1,12,2,15,2,-,-,-,-,-,-,-,-,-,-,-
2019/11/22,10,5,6,0,8,0,-,-,-,-,-,-,-,-,-,-,-
2019/11/23,14,14,4,15,5,1,-,-,-,-,-,-,-,-,-,-,-
2019/11/24,12,2,5,1,5,1,-,-,-,-,-,-,-,-,-,-,-
2019/11/25,14,2,4,2,1,0,-,-,-,-,-,-,-,-,-,-,-
2019/11/26,12,4,4,0,4,0,-,-,-,-,-,-,-,-,-,-,-
2019/11/27,17,4,3,0,2,1,-,-,-,-,-,-,-,-,-,-,-
2019/11/28,9,2,3,0,4,1,-,-,-,-,-,-,-,-,-,-,-
2019/11/29,22,11,1,1,8,1,-,-,-,-,-,-,-,-,-,-,-
2019/11/30,13,12,4,3,3,3,-,-,-,-,-,-,-,-,-,-,-
2019/12/1,8,1,7,1,3,2,-,-,-,-,-,-,-,-,-,-,-
2019/12/2,8,1,1,1,6,1,-,-,-,-,-,-,-,-,-,-,-
2019/12/3,9,1,3,1,5,1,-,-,-,-,-,-,-,-,-,-,-
2019/12/4,9,1,6,0,7,0,-,-,-,-,-,-,-,-,-,-,-
2019/12/5,8,1,2,1,2,2,-,-,-,-,-,-,-,-,-,-,-
2019/12/6,12,7,4,0,2,3,-,-,-,-,-,-,-,-,-,-,-
2019/12/7,15,10,4,0,1,2,-,-,-,-,-,-,-,-,-,-,-
2019/12/8,9,2,7,1,4,1,-,-,-,-,-,-,-,-,-,-,-
2019/12/9,7,1,10,0,1,1,-,-,-,-,-,-,-,-,-,-,-
2019/12/10,11,1,1,0,7,3,-,-,-,-,-,-,-,-,-,-,-
2019/12/11,13,0,6,0,5,4,-,-,-,-,-,-,-,-,-,-,-
2019/12/12,4,1,5,1,3,3,-,-,-,-,-,-,-,-,-,-,-
2019/12/13,11,3,8,0,6,0,-,-,-,-,-,-,-,-,-,-,-
2019/12/14,13,14,9,1,5,2,-,-,-,-,-,-,-,-,-,-,-
2019/12/15,11,3,2,1,5,3,-,-,-,-,-,-,-,-,-,-,-
2019/12/16,8,2,4,1,4,3,-,-,-,-,-,-,-,-,-,-,-
2019/12/17,9,2,7,0,4,2,-,-,-,-,-,-,-,-,-,-,-
2019/12/18,7,2,5,4,3,1,-,-,-,-,-,-,-,-,-,-,-
2019/12/19,8,2,4,0,3,3,-,-,-,-,-,-,-,-,-,-,-
2019/12/20,10,4,8,0,4,1,-,-,-,-,-,-,-,-,-,-,-
2019/12/21,11,12,11,0,8,0,-,-,-,-,-,-,-,-,-,-,-
2019/12/22,15,2,9,3,2,6,-,-,-,-,-,-,-,-,-,-,-
2019/12/23,9,0,2,0,4,2,-,-,-,-,-,-,-,-,-,-,-
2019/12/24,18,3,2,0,11,4,-,-,-,-,-,-,-,-,-,-,-
2019/12/25,8,2,4,0,5,3,-,-,-,-,-,-,-,-,-,-,-
2019/12/26,8,5,7,1,11,5,-,-,-,-,-,-,-,-,-,-,-
2019/12/27,9,10,3,4,6,1,-,-,-,-,-,-,-,-,-,-,-
2019/12/28,16,25,3,0,9,0,-,-,-,-,-,-,-,-,-,-,-
2019/12/29,26,8,2,1,11,2,-,-,-,-,-,-,-,-,-,-,-
2019/12/30,10,3,9,1,10,1,-,-,-,-,-,-,-,-,-,-,-
2019/12/31,31,32,9,2,14,2,-,-,-,-,-,-,-,-,-,-,-
2020/1/1,10,3,1,1,3,1,5,-,-,-,-,-,-,-,-,-,-
2020/1/2,6,0,1,0,6,9,0,-,-,-,-,-,-,-,-,-,-
2020/1/3,4,5,5,0,8,11,4,-,-,-,-,-,-,-,-,-,-
2020/1/4,4,3,2,1,2,7,3,-,-,-,-,-,-,-,-,-,-
2020/1/5,6,2,4,0,9,8,2,-,-,-,-,-,-,-,-,-,-
2020/1/6,6,3,6,0,2,4,0,-,-,-,-,-,-,-,-,-,-
2020/1/7,9,2,1,0,7,4,1,-,-,-,-,-,-,-,-,-,-
2020/1/8,5,2,11,0,0,4,1,-,-,-,-,-,-,-,-,-,-
2020/1/9,11,2,7,3,6,2,0,-,-,-,-,-,-,-,-,-,-
2020/1/10,7,0,6,0,7,3,1,-,-,-,-,-,-,-,-,-,-
2020/1/11,13,7,5,2,3,3,7,-,-,-,-,-,-,-,-,-,-
2020/1/12,7,4,4,0,5,3,0,-,-,-,-,-,-,-,-,-,-
2020/1/13,8,2,8,0,3,5,2,-,-,-,-,-,-,-,-,-,-
2020/1/14,9,5,4,2,4,4,1,-,-,-,-,-,-,-,-,-,-
2020/1/15,5,1,4,0,4,2,1,-,-,-,-,-,-,-,-,-,-
2020/1/16,6,7,4,0,3,1,0,-,-,-,-,-,-,-,-,-,-
2020/1/17,10,9,10,1,4,9,1,-,-,-,-,-,-,-,-,-,-
2020/1/18,9,4,7,0,2,2,3,-,-,-,-,-,-,-,-,-,-
2020/1/19,7,3,4,2,2,6,1,-,-,-,-,-,-,-,-,-,-
2020/1/20,11,4,4,1,7,15,7,-,-,-,-,-,-,-,-,-,-
2020/1/21,9,4,3,3,12,1,2,-,-,-,-,-,-,-,-,-,-
2020/1/22,16,2,9,1,7,3,1,-,-,-,-,-,-,-,-,-,-
2020/1/23,9,2,9,3,8,3,4,-,-,-,-,-,-,-,-,-,-
2020/1/24,8,6,10,2,8,5,7,-,-,-,-,-,-,-,-,-,-
2020/1/25,26,22,13,26,8,2,6,-,-,-,-,-,-,-,-,-,-
2020/1/26,14,17,11,11,9,2,8,-,-,-,-,-,-,-,-,-,-
2020/1/27,17,21,11,8,8,4,7,-,-,-,-,-,-,-,-,-,-
2020/1/28,16,11,4,9,6,4,0,-,-,-,-,-,-,-,-,-,-
2020/1/29,20,4,4,14,3,0,0,-,-,-,-,-,-,-,-,-,-
2020/1/30,12,7,8,12,6,2,0,-,-,-,-,-,-,-,-,-,-
2020/1/31,16,8,4,11,8,2,0,-,-,-,-,-,-,-,-,-,-
2020/2/1,5,4,6,2,2,6,1,-,-,-,-,-,-,-,-,-,-
2020/2/2,6,5,0,6,3,0,0,-,-,-,-,-,-,-,-,-,-
2020/2/3,10,4,0,2,2,1,0,-,-,-,-,-,-,-,-,-,-
2020/2/4,2,5,0,1,3,2,3,-,-,-,-,-,-,-,-,-,-
2020/2/5,4,0,3,2,7,8,2,-,-,-,-,-,-,-,-,-,-
2020/2/6,16,6,5,1,6,0,1,-,-,-,-,-,-,-,-,-,-
2020/2/7,12,5,5,1,5,2,4,-,-,-,-,-,-,-,-,-,-
2020/2/8,14,7,8,3,4,1,3,-,-,-,-,-,-,-,-,-,-
2020/2/9,16,6,2,1,2,1,4,-,-,-,-,-,-,-,-,-,-
2020/2/10,14,8,7,4,6,0,3,-,-,-,-,-,-,-,-,-,-
2020/2/11,11,6,3,2,3,1,1,1,-,-,-,-,-,-,-,-,-
2020/2/12,18,1,8,1,4,1,0,2,-,-,-,-,-,-,-,-,-
2020/2/13,11,8,6,0,3,2,1,3,-,-,-,-,-,-,-,-,-
2020/2/14,13,6,6,1,1,2,5,8,-,-,-,-,-,-,-,-,-
2020/2/15,26,16,10,5,3,4,9,4,-,-,-,-,-,-,-,-,-
2020/2/16,4,4,0,4,0,5,5,3,-,-,-,-,-,-,-,-,-
2020/2/17,6,0,4,1,2,3,1,0,-,-,-,-,-,-,-,-,-
2020/2/18,8,2,3,0,2,2,2,4,-,-,-,-,-,-,-,-,-
2020/2/19,7,3,1,1,4,2,2,3,-,-,-,-,-,-,-,-,-
2020/2/20,9,10,1,0,1,8,0,2,-,-,-,-,-,-,-,-,-
2020/2/21,11,26,3,1,2,2,4,8,-,-,-,-,-,-,-,-,-
2020/2/22,13,12,7,1,3,3,3,7,-,-,-,-,-,-,-,-,-
2020/2/23,9,7,8,0,1,2,1,0,-,-,-,-,-,-,-,-,-
2020/2/24,6,9,3,3,3,1,5,3,-,-,-,-,-,-,-,-,-
2020/2/25,6,6,6,3,3,4,0,3,-,-,-,-,-,-,-,-,-
2020/2/26,4,2,3,0,0,7,7,0,-,-,-,-,-,-,-,-,-
2020/2/27,5,5,4,0,3,1,1,4,-,-,-,-,-,-,-,-,-
2020/2/28,16,15,8,1,4,3,2,11,-,-,-,-,-,-,-,-,-
2020/2/29,14,9,5,0,4,2,4,8,-,-,-,-,-,-,-,-,-
2020/3/1,5,1,4,4,3,4,2,1,-,-,-,-,-,-,-,-,-
2020/3/2,7,4,7,0,3,0,1,1,-,-,-,-,-,-,-,-,-
2020/3/3,4,4,2,0,0,0,1,1,-,-,-,-,-,-,-,-,-
2020/3/4,3,0,2,0,3,0,1,1,-,-,-,-,-,-,-,-,-
2020/3/5,1,1,2,0,5,1,1,1,-,-,-,-,-,-,-,-,-
2020/3/6,8,7,3,3,5,1,5,3,-,-,-,-,-,-,-,-,-
2020/3/7,11,5,3,1,3,4,2,6,-,-,-,-,-,-,-,-,-
2020/3/8,8,1,4,2,9,1,1,1,-,-,-,-,-,-,-,-,-
2020/3/9,3,2,0,0,1,0,0,1,-,-,-,-,-,-,-,-,-
2020/3/10,4,1,1,0,0,2,0,0,-,-,-,-,-,-,-,-,-
2020/3/11,4,0,3,0,2,0,2,3,-,-,-,-,-,-,-,-,-
2020/3/12,4,0,5,0,0,1,3,0,-,-,-,-,-,-,-,-,-
2020/3/13,16,6,5,1,4,6,1,1,-,-,-,-,-,-,-,-,-
2020/3/14,11,11,8,1,9,2,3,10,-,-,-,-,-,-,-,-,-
2020/3/15,5,2,3,4,4,0,0,4,-,-,-,-,-,-,-,-,-
2020/3/16,10,1,3,1,4,0,0,5,-,-,-,-,-,-,-,-,-
2020/3/17,8,1,4,1,1,0,0,2,-,-,-,-,-,-,-,-,-
2020/3/18,14,0,3,1,5,0,1,1,-,-,-,-,-,-,-,-,-
2020/3/19,14,1,8,0,0,0,2,0,-,-,-,-,-,-,-,-,-
2020/3/20,14,12,4,0,3,2,1,1,-,-,-,-,-,-,-,-,-
2020/3/21,7,14,12,0,1,0,3,7,-,-,-,-,-,-,-,-,-
2020/3/22,5,1,9,2,6,1,1,4,-,-,-,-,-,-,-,-,-
2020/3/23,2,2,1,0,2,0,1,1,-,-,-,-,-,-,-,-,-
2020/3/24,4,1,1,0,1,1,0,2,-,-,-,-,-,-,-,-,-
2020/3/25,3,1,0,0,0,0,0,1,-,-,-,-,-,-,-,-,-
2020/3/26,8,1,2,0,0,1,2,1,-,-,-,-,-,-,-,-,-
2020/3/27,15,9,6,1,7,4,3,5,-,-,-,-,-,-,-,-,-
2020/3/28,12,12,6,9,2,9,5,12,-,-,-,-,-,-,-,-,-
2020/3/29,5,0,4,2,1,2,2,3,-,-,-,-,-,-,-,-,-
2020/3/30,2,1,5,0,1,2,2,2,-,-,-,-,-,-,-,-,-
2020/3/31,2,0,3,1,5,5,0,0,-,-,-,-,-,-,-,-,-
2020/4/1,5,4,1,3,5,2,2,7,-,-,-,-,-,-,-,-,-
2020/4/2,14,6,7,9,2,0,2,13,-,-,-,-,-,-,-,-,-
2020/4/3,12,8,6,11,1,3,3,7,-,-,-,-,-,-,-,-,-
2020/4/4,12,4,4,8,2,2,4,4,-,-,-,-,-,-,-,-,-
2020/4/5,4,0,2,0,1,1,2,2,-,-,-,-,-,-,-,-,-
2020/4/6,2,0,1,0,0,0,2,4,-,-,-,-,-,-,-,-,-
2020/4/7,8,0,3,1,8,0,0,2,-,-,-,-,-,-,-,-,-
2020/4/8,4,0,0,2,3,6,1,7,-,-,-,-,-,-,-,-,-
2020/4/9,5,0,2,0,4,1,1,2,-,-,-,-,-,-,-,-,-
2020/4/10,16,6,5,1,1,5,1,7,-,-,-,-,-,-,-,-,-
2020/4/11,2,4,2,4,2,1,3,6,-,-,-,-,-,-,-,-,-
2020/4/12,1,0,3,1,2,0,4,4,-,-,-,-,-,-,-,-,-
2020/4/13,6,0,1,2,0,0,0,5,-,-,-,-,-,-,-,-,-
2020/4/14,3,0,1,0,3,2,0,2,-,-,-,-,-,-,-,-,-
2020/4/15,3,1,1,2,3,0,1,0,-,-,-,-,-,-,-,-,-
2020/4/16,7,0,1,1,1,1,0,3,-,-,-,-,-,-,-,-,-
2020/4/17,12,4,4,0,5,0,4,6,-,-,-,-,-,-,-,-,-
2020/4/18,13,6,6,2,4,1,1,10,-,-,-,-,-,-,-,-,-
2020/4/19,8,3,3,0,2,2,3,5,-,-,-,-,-,-,-,-,-
2020/4/20,2,0,2,0,0,2,0,1,-,-,-,-,-,-,-,-,-
2020/4/21,4,2,1,0,0,0,0,1,-,-,-,-,-,-,-,-,-
2020/4/22,6,2,1,0,1,0,1,2,-,-,-,-,-,-,-,-,-
2020/4/23,6,1,0,0,1,0,2,4,-,-,-,-,-,-,-,-,-
2020/4/24,13,2,6,1,4,2,0,2,-,-,-,-,-,-,-,-,-
2020/4/25,6,6,3,0,5,2,5,8,-,-,-,-,-,-,-,-,-
2020/4/26,2,1,2,3,2,1,3,2,-,-,-,-,-,-,-,-,-
2020/4/27,5,1,0,0,2,0,2,6,-,-,-,-,-,-,-,-,-
2020/4/28,2,4,1,0,3,2,5,1,-,-,-,-,-,-,-,-,-
2020/4/29,11,0,2,0,1,1,2,4,-,-,-,-,-,-,-,-,-
2020/4/30,7,5,7,0,4,1,1,2,-,-,-,-,-,-,-,-,-
2020/5/1,11,4,14,1,4,0,3,11,-,-,-,-,-,-,-,-,-
2020/5/2,6,4,13,1,5,2,2,5,-,-,-,-,-,-,-,-,-
2020/5/3,1,0,2,1,1,1,3,1,-,-,-,-,-,-,-,-,-
2020/5/4,5,0,4,0,1,6,2,3,-,-,-,-,-,-,-,-,-
2020/5/5,4,0,0,0,3,4,2,4,-,-,-,-,-,-,-,-,-
2020/5/6,6,0,2,0,1,0,4,2,-,-,-,-,-,-,-,-,-
2020/5/7,2,1,1,0,5,2,1,3,-,-,-,-,-,-,-,-,-
2020/5/8,7,1,3,1,4,0,0,3,-,-,-,-,-,-,-,-,-
2020/5/9,9,3,4,0,1,3,2,9,-,-,-,-,-,-,-,-,-
2020/5/10,4,0,4,2,0,1,0,0,-,-,-,-,-,-,-,-,-
2020/5/11,4,0,2,1,2,2,0,3,-,-,-,-,-,-,-,-,-
2020/5/12,6,0,6,0,1,1,0,3,-,-,-,-,-,-,-,-,-
2020/5/13,7,0,4,0,3,2,0,4,-,-,-,-,-,-,-,-,-
2020/5/14,9,1,4,0,6,1,0,3,-,-,-,-,-,-,-,-,-
2020/5/15,15,2,7,0,7,3,0,9,-,-,-,-,-,-,-,-,-
2020/5/16,19,9,12,3,8,9,4,14,-,-,-,-,-,-,-,-,-
2020/5/17,1,0,8,0,1,1,3,4,-,-,-,-,-,-,-,-,-
2020/5/18,5,0,2,0,0,1,1,3,-,-,-,-,-,-,-,-,-
2020/5/19,3,0,1,1,2,0,2,2,-,-,-,-,-,-,-,-,-
2020/5/20,7,0,4,0,2,1,0,5,-,-,-,-,-,-,-,-,-
2020/5/21,3,0,3,1,2,5,1,2,-,-,-,-,-,-,-,-,-
2020/5/22,13,4,8,0,3,4,1,2,-,-,-,-,-,-,-,-,-
2020/5/23,16,11,14,4,4,6,6,19,-,-,-,-,-,-,-,-,-
2020/5/24,7,0,4,2,0,6,2,4,-,-,-,-,-,-,-,-,-
2020/5/25,4,1,6,0,0,1,1,1,-,-,-,-,-,-,-,-,-
2020/5/26,4,0,1,0,3,1,0,3,-,-,-,-,-,-,-,-,-
2020/5/27,2,0,3,0,1,6,0,2,-,-,-,-,-,-,-,-,-
2020/5/28,2,1,1,0,1,5,0,1,-,-,-,-,-,-,-,-,-
2020/5/29,10,3,7,0,8,4,2,4,-,-,-,-,-,-,-,-,-
2020/5/30,16,5,8,6,9,5,3,14,-,-,-,-,-,-,-,-,-
2020/5/31,10,0,0,0,3,3,0,2,-,-,-,-,-,-,-,-,-
2020/6/1,2,1,3,0,0,2,0,3,-,-,-,-,-,-,-,-,-
2020/6/2,2,0,2,0,2,3,1,1,-,-,-,-,-,-,-,-,-
2020/6/3,2,0,2,0,0,0,1,0,-,-,-,-,-,-,-,-,-
2020/6/4,1,0,7,0,1,1,0,0,1,-,-,-,-,-,-,-,-
2020/6/5,14,4,7,1,2,1,3,0,0,-,-,-,-,-,-,-,-
2020/6/6,18,11,7,9,5,1,6,22,0,-,-,-,-,-,-,-,-
2020/6/7,8,0,0,0,5,3,1,5,0,-,-,-,-,-,-,-,-
2020/6/8,4,0,3,1,2,2,1,1,0,-,-,-,-,-,-,-,-
2020/6/9,6,0,3,0,1,2,2,0,0,-,-,-,-,-,-,-,-
2020/6/10,13,0,1,0,5,1,0,4,0,-,-,-,-,-,-,-,-
2020/6/11,8,1,3,3,2,2,2,2,1,-,-,-,-,-,-,-,-
2020/6/12,23,4,4,7,3,3,2,5,0,-,-,-,-,-,-,-,-
2020/6/13,24,22,4,8,3,0,13,6,1,-,-,-,-,-,-,-,-
2020/6/14,8,2,6,4,0,0,0,3,2,-,-,-,-,-,-,-,-
2020/6/15,15,1,9,0,1,0,1,9,0,-,-,-,-,-,-,-,-
2020/6/16,7,0,1,0,2,0,0,2,0,-,-,-,-,-,-,-,-
2020/6/17,2,1,1,0,2,0,0,1,0,-,-,-,-,-,-,-,-
2020/6/18,4,4,4,0,2,1,0,1,0,-,-,-,-,-,-,-,-
2020/6/19,6,3,1,2,4,1,0,3,0,-,-,-,-,-,-,-,-
2020/6/20,14,8,10,0,7,0,4,13,3,-,-,-,-,-,-,-,-
2020/6/21,1,3,2,2,6,1,4,1,4,-,-,-,-,-,-,-,-
2020/6/22,7,0,2,1,4,1,2,0,5,-,-,-,-,-,-,-,-
2020/6/23,5,2,4,1,2,3,3,3,2,-,-,-,-,-,-,-,-
2020/6/24,6,7,9,1,10,5,5,10,4,-,-,-,-,-,-,-,-
2020/6/25,20,22,21,12,7,3,8,27,10,-,-,-,-,-,-,-,-
2020/6/26,18,19,7,10,8,3,7,21,13,-,-,-,-,-,-,-,-
2020/6/27,4,17,7,11,7,1,4,18,4,-,-,-,-,-,-,-,-
2020/6/28,6,3,3,3,4,2,1,4,6,-,-,-,-,-,-,-,-
2020/6/29,2,2,4,0,5,2,2,0,1,-,-,-,-,-,-,-,-
2020/6/30,2,5,9,0,5,1,1,9,2,-,-,-,-,-,-,-,-
2020/7/1,3,8,7,2,4,5,5,3,3,-,-,-,-,-,-,-,-
2020/7/2,3,4,4,0,1,2,3,16,2,-,-,-,-,-,-,-,-
2020/7/3,1,3,7,1,1,0,2,5,4,-,-,-,-,-,-,-,-
2020/7/4,2,2,2,7,4,2,1,15,3,-,-,-,-,-,-,-,-
2020/7/5,5,1,2,1,3,2,1,5,1,-,-,-,-,-,-,-,-
2020/7/6,6,0,5,4,0,0,0,4,1,-,-,-,-,-,-,-,-
2020/7/7,6,1,3,0,2,6,0,2,3,-,-,-,-,-,-,-,-
2020/7/8,13,3,2,0,2,1,0,3,4,-,-,-,-,-,-,-,-
2020/7/9,17,3,1,0,2,0,1,0,11,-,-,-,-,-,-,-,-
2020/7/10,8,6,6,0,2,1,3,13,5,-,-,-,-,-,-,-,-
2020/7/11,24,3,7,5,1,1,2,17,9,-,-,-,-,-,-,-,-
2020/7/12,8,0,4,5,7,2,1,14,6,-,-,-,-,-,-,-,-
2020/7/13,13,1,2,0,2,1,0,3,2,-,-,-,-,-,-,-,-
2020/7/14,6,3,2,3,2,0,3,3,1,-,-,-,-,-,-,-,-
2020/7/15,10,7,6,9,5,0,3,7,0,-,-,-,-,-,-,-,-
2020/7/16,21,8,9,10,3,1,1,16,1,-,-,-,-,-,-,-,-
2020/7/17,25,14,6,8,2,2,1,22,6,-,-,-,-,-,-,-,-
2020/7/18,50,18,4,23,1,1,1,22,8,-,-,-,-,-,-,-,-
2020/7/19,9,9,8,18,1,1,4,7,8,-,-,-,-,-,-,-,-
2020/7/20,15,7,3,3,3,0,1,4,2,-,-,-,-,-,-,-,-
2020/7/21,5,5,6,8,2,0,0,7,5,-,-,-,-,-,-,-,-
2020/7/22,9,2,4,3,1,0,1,0,3,-,-,-,-,-,-,-,-
2020/7/23,11,2,9,4,1,1,2,6,7,-,-,-,-,-,-,-,-
2020/7/24,21,9,5,10,1,2,3,18,5,-,-,-,-,-,-,-,-
2020/7/25,42,21,12,13,2,1,0,33,4,-,-,-,-,-,-,-,-
2020/7/26,14,6,7,9,2,5,1,14,4,-,-,-,-,-,-,-,-
2020/7/27,7,4,4,3,1,0,0,6,9,-,-,-,-,-,-,-,-
2020/7/28,11,3,7,3,1,4,0,8,5,-,-,-,-,-,-,-,-
2020/7/29,17,5,3,1,1,2,2,4,4,-,-,-,-,-,-,-,-
2020/7/30,13,2,5,5,2,2,2,10,1,-,-,-,-,-,-,-,-
2020/7/31,19,10,18,8,1,3,2,12,3,-,-,-,-,-,-,-,-
2020/8/1,21,26,13,13,2,4,2,30,4,-,-,-,-,-,-,-,-
2020/8/2,4,2,5,7,3,1,0,16,5,-,-,-,-,-,-,-,-
2020/8/3,12,4,4,1,2,3,1,8,2,-,-,-,-,-,-,-,-
2020/8/4,13,1,4,3,1,0,1,3,4,-,-,-,-,-,-,-,-
2020/8/5,13,7,4,2,1,1,1,1,2,-,-,-,-,-,-,-,-
2020/8/6,7,0,7,7,1,1,1,1,3,-,-,-,-,-,-,-,-
2020/8/7,21,5,2,10,1,3,1,16,5,-,-,-,-,-,-,-,-
2020/8/8,26,13,5,11,1,5,2,16,1,-,-,-,-,-,-,-,-
2020/8/9,10,7,8,5,1,5,2,10,3,-,-,-,-,-,-,-,-
2020/8/10,9,5,7,3,2,1,0,6,0,-,-,-,-,-,-,-,-
2020/8/11,17,3,4,6,1,2,2,6,2,-,-,-,-,-,-,-,-
2020/8/12,18,7,2,1,2,1,0,9,0,-,-,-,-,-,-,-,-
2020/8/13,10,6,8,3,2,2,2,8,1,-,-,-,-,-,-,-,-
2020/8/14,23,17,10,5,3,2,0,16,2,-,-,-,-,-,-,-,-
2020/8/15,16,18,12,12,1,4,1,25,0,-,-,-,-,-,-,-,-
2020/8/16,20,13,3,17,4,3,2,18,3,-,-,-,-,-,-,-,-
2020/8/17,15,3,3,9,1,3,1,11,6,-,-,-,-,-,-,-,-
2020/8/18,11,7,11,5,2,2,0,9,7,-,-,-,-,-,-,-,-
2020/8/19,13,1,5,2,1,0,0,10,7,-,-,-,-,-,-,-,-
2020/8/20,6,2,5,5,2,3,0,14,12,-,-,-,-,-,-,-,-
2020/8/21,21,14,1,10,1,0,1,25,4,-,-,-,-,-,-,-,-
2020/8/22,36,21,20,14,2,9,4,31,1,-,-,-,-,-,-,-,-
2020/8/23,20,5,7,5,1,6,5,10,6,-,-,-,-,-,-,-,-
2020/8/24,19,4,8,2,1,1,0,8,1,-,-,-,-,-,-,-,-
2020/8/25,14,1,7,9,1,6,4,6,1,-,-,-,-,-,-,-,-
2020/8/26,9,6,6,5,1,1,1,7,2,-,-,-,-,-,-,-,-
2020/8/27,13,2,3,4,1,0,3,4,3,-,-,-,-,-,-,-,-
2020/8/28,14,10,13,7,1,3,1,11,1,-,-,-,-,-,-,-,-
2020/8/29,26,14,16,4,1,3,1,14,2,-,-,-,-,-,-,-,-
2020/8/30,9,3,3,7,2,4,3,4,1,-,-,-,-,-,-,-,-
2020/8/31,4,4,1,1,1,4,0,2,1,-,-,-,-,-,-,-,-
2020/9/1,3,2,3,0,2,1,0,2,5,-,-,-,-,-,-,-,-
2020/9/2,8,2,3,0,0,1,2,7,2,-,-,-,-,-,-,-,-
2020/9/3,9,3,3,0,2,0,0,4,1,-,-,-,-,-,-,-,-
2020/9/4,10,4,2,3,0,1,1,8,1,-,-,-,-,-,-,-,-
2020/9/5,14,10,7,4,1,3,0,5,3,-,-,-,-,-,-,-,-
2020/9/6,10,2,4,3,1,2,0,2,0,-,-,-,-,-,-,-,-
2020/9/7,2,4,2,0,1,0,0,3,0,-,-,-,-,-,-,-,-
2020/9/8,4,4,2,0,0,1,0,2,1,-,-,-,-,-,-,-,-
2020/9/9,3,3,5,3,0,0,2,4,2,-,-,-,-,-,-,-,-
2020/9/10,7,5,4,0,2,0,3,2,1,-,-,-,-,-,-,-,-
2020/9/11,13,12,4,4,0,1,0,3,5,-,-,-,-,-,-,-,-
2020/9/12,13,21,3,12,1,2,0,2,1,-,-,-,-,-,-,-,-
2020/9/13,10,3,3,4,0,2,2,4,1,-,-,-,-,-,-,-,-
2020/9/14,8,1,3,0,0,0,0,1,1,-,-,-,-,-,-,-,-
2020/9/15,5,0,2,0,2,1,2,1,0,-,-,-,-,-,-,-,-
2020/9/16,8,0,6,0,2,0,1,1,3,-,-,-,-,-,-,-,-
2020/9/17,6,3,2,0,0,0,1,1,3,-,-,-,-,-,-,-,-
2020/9/18,25,7,11,5,0,2,1,4,1,-,-,-,-,-,-,-,-
2020/9/19,26,18,5,15,0,2,0,19,0,-,-,-,-,-,-,-,-
2020/9/20,5,2,3,4,0,0,1,1,0,-,-,-,-,-,-,-,-
2020/9/21,9,0,7,1,0,0,0,1,0,-,-,-,-,-,-,-,-
2020/9/22,3,2,2,2,0,1,0,1,0,-,-,-,-,-,-,-,-
2020/9/23,2,2,2,2,0,1,1,1,1,-,-,-,-,-,-,-,-
2020/9/24,3,1,6,0,0,0,4,2,0,-,-,-,-,-,-,-,-
2020/9/25,16,6,8,6,0,0,0,4,0,-,-,-,-,-,-,-,-
2020/9/26,35,16,7,13,1,1,0,3,2,-,-,-,-,-,-,-,-
2020/9/27,7,4,4,5,1,0,0,1,3,-,-,-,-,-,-,-,-
2020/9/28,2,2,4,1,0,1,1,6,3,-,-,-,-,-,-,-,-
2020/9/29,9,1,0,2,0,0,2,1,1,-,-,-,-,-,-,-,-
2020/9/30,18,4,10,4,1,0,1,2,1,-,-,-,-,-,-,-,-
2020/10/1,41,15,13,14,1,0,2,3,3,-,-,-,-,-,-,-,-
2020/10/2,37,15,11,8,0,3,0,2,1,-,-,-,-,-,-,-,-
2020/10/3,17,12,7,6,0,0,0,1,2,-,-,-,-,-,-,-,-
2020/10/4,7,2,10,0,0,0,0,1,1,-,-,-,-,-,-,-,-
2020/10/5,3,0,1,0,0,0,0,0,0,-,-,-,-,-,-,-,-
2020/10/6,4,1,1,1,0,0,0,0,0,-,-,-,-,-,-,-,-
2020/10/7,12,2,2,1,1,1,3,1,0,-,-,-,-,-,-,-,-
2020/10/8,18,6,5,6,1,0,3,1,2,-,-,-,-,-,-,-,-
2020/10/9,36,33,11,7,0,0,0,4,0,-,-,-,-,-,-,-,-
2020/10/10,29,33,9,11,0,1,1,0,0,-,-,-,-,-,-,-,-
2020/10/11,13,3,4,0,0,2,1,0,2,-,-,-,-,-,-,-,-
2020/10/12,12,5,3,1,0,0,1,0,1,-,-,-,-,-,-,-,-
2020/10/13,20,2,3,0,0,1,0,0,2,-,-,-,-,-,-,-,-
2020/10/14,7,1,6,0,0,0,0,0,5,-,-,-,-,-,-,-,-
2020/10/15,10,2,8,2,1,0,1,0,1,-,-,-,-,-,-,-,-
2020/10/16,14,8,13,1,0,0,1,1,1,-,-,-,-,-,-,-,-
2020/10/17,19,26,16,13,1,1,0,2,1,-,-,-,-,-,-,-,-
2020/10/18,21,1,4,10,0,0,1,0,2,-,-,-,-,-,-,-,-
2020/10/19,9,1,4,2,0,0,1,0,0,-,-,-,-,-,-,-,-
2020/10/20,10,3,6,1,0,1,0,0,2,-,-,-,-,-,-,-,-
2020/10/21,9,1,5,0,0,0,6,0,2,-,-,-,-,-,-,-,-
2020/10/22,7,3,7,0,2,1,3,2,2,-,-,-,-,-,-,-,-
2020/10/23,23,11,12,5,0,0,5,1,0,-,-,-,-,-,-,-,-
2020/10/24,19,13,13,5,0,2,0,11,2,-,-,-,-,-,-,-,-
2020/10/25,17,3,11,1,0,0,3,1,0,-,-,-,-,-,-,-,-
2020/10/26,10,0,6,5,0,1,1,0,0,-,-,-,-,-,-,-,-
2020/10/27,8,2,3,1,0,0,2,0,1,-,-,-,-,-,-,-,-
2020/10/28,13,1,2,0,0,0,2,0,1,-,-,-,-,-,-,-,-
2020/10/29,8,2,5,2,0,0,7,0,3,-,-,-,-,-,-,-,-
2020/10/30,29,3,13,0,0,0,3,4,3,-,-,-,-,-,-,-,-
2020/10/31,29,25,20,9,0,0,1,2,5,-,-,-,-,-,-,-,-
2020/11/1,4,3,3,0,0,1,6,0,6,-,-,-,-,-,-,-,-
2020/11/2,3,1,1,0,0,0,2,0,4,-,-,-,-,-,-,-,-
2020/11/3,3,1,3,0,1,0,0,0,0,-,-,-,-,-,-,-,-
2020/11/4,4,0,3,4,0,0,2,0,2,-,-,-,-,-,-,-,-
2020/11/5,8,1,1,2,0,0,3,0,1,-,-,-,-,-,-,-,-
2020/11/6,31,18,7,4,0,1,2,0,0,-,-,-,-,-,-,-,-
2020/11/7,40,28,14,13,0,2,5,2,2,-,-,-,-,-,-,-,-
2020/11/8,17,3,4,3,2,0,6,0,3,-,-,-,-,-,-,-,-
2020/11/9,8,3,1,0,0,1,1,1,0,-,-,-,-,-,-,-,-
2020/11/10,5,1,1,0,0,1,0,0,1,-,-,-,-,-,-,-,-
2020/11/11,10,2,3,1,1,0,1,1,1,-,-,-,-,-,-,-,-
2020/11/12,10,3,3,0,1,1,1,0,4,-,-,-,-,-,-,-,-
2020/11/13,26,8,9,3,3,0,0,0,0,-,-,-,-,-,-,-,-
2020/11/14,22,18,13,7,0,0,6,0,1,-,-,-,-,-,-,-,-
2020/11/15,12,2,3,3,0,0,5,2,1,-,-,-,-,-,-,-,-
2020/11/16,10,0,4,0,1,0,2,0,1,-,-,-,-,-,-,-,-
2020/11/17,12,1,8,2,0,0,2,0,0,-,-,-,-,-,-,-,-
2020/11/18,12,3,2,0,2,1,4,5,1,-,-,-,-,-,-,-,-
2020/11/19,5,2,6,0,0,0,2,1,2,-,-,-,-,-,-,-,-
2020/11/20,31,25,13,3,1,1,4,6,1,-,-,-,-,-,-,-,-
2020/11/21,29,42,3,12,0,2,8,0,2,-,-,-,-,-,-,-,-
2020/11/22,16,5,5,4,0,1,0,1,0,-,-,-,-,-,-,-,-
2020/11/23,9,5,8,0,2,0,4,0,1,-,-,-,-,-,-,-,-
2020/11/24,12,3,8,0,2,1,2,1,0,-,-,-,-,-,-,-,-
2020/11/25,17,2,5,0,0,1,1,1,1,-,-,-,-,-,-,-,-
2020/11/26,10,2,6,0,0,0,1,2,2,-,-,-,-,-,-,-,-
2020/11/27,18,18,10,0,0,0,3,0,3,-,-,-,-,-,-,-,-
2020/11/28,17,22,25,1,0,1,1,1,1,-,-,-,-,-,-,-,-
2020/11/29,26,1,5,0,1,1,2,0,0,-,-,-,-,-,-,-,-
2020/11/30,7,2,5,0,0,0,4,3,1,-,-,-,-,-,-,-,-
2020/12/1,7,0,3,0,0,0,4,1,2,-,-,-,-,-,-,-,-
2020/12/2,6,2,2,1,0,0,3,2,0,-,-,-,-,-,-,-,-
2020/12/3,5,1,4,0,1,1,4,1,3,-,-,-,-,-,-,-,-
2020/12/4,15,6,5,2,0,0,7,0,1,-,-,-,-,-,-,-,-
2020/12/5,19,18,20,1,0,1,5,4,2,-,-,-,-,-,-,-,-
2020/12/6,10,5,5,0,0,1,2,1,2,-,-,-,-,-,-,-,-
2020/12/7,6,1,3,1,0,0,4,0,2,-,-,-,-,-,-,-,-
2020/12/8,3,1,3,1,0,0,5,0,0,-,-,-,-,-,-,-,-
2020/12/9,3,1,2,0,0,0,1,1,1,-,-,-,-,-,-,-,-
2020/12/10,8,2,4,0,0,1,4,0,1,-,-,-,-,-,-,-,-
2020/12/11,19,13,10,4,1,1,5,1,3,-,-,-,-,-,-,-,-
2020/12/12,42,28,9,0,0,0,12,0,1,-,-,-,-,-,-,-,-
2020/12/13,16,6,9,3,2,1,2,1,1,-,-,-,-,-,-,-,-
2020/12/14,7,6,3,0,0,0,4,0,0,-,-,-,-,-,-,-,-
2020/12/15,8,6,3,0,0,0,2,0,1,-,-,-,-,-,-,-,-
2020/12/16,9,5,4,0,0,0,5,2,1,-,-,-,-,-,-,-,-
2020/12/17,9,5,3,0,6,2,2,0,0,-,-,-,-,-,-,-,-
2020/12/18,14,19,2,0,4,1,2,0,2,-,-,-,-,-,-,-,-
2020/12/19,24,18,11,1,3,3,13,0,2,1,-,-,-,-,-,-,-
2020/12/20,10,4,4,0,0,1,1,1,3,0,-,-,-,-,-,-,-
2020/12/21,7,3,2,0,1,0,2,0,0,0,-,-,-,-,-,-,-
2020/12/22,6,0,6,1,0,1,0,1,1,0,-,-,-,-,-,-,-
2020/12/23,10,3,7,0,0,1,2,0,0,1,-,-,-,-,-,-,-
2020/12/24,15,6,3,0,0,0,1,1,0,0,-,-,-,-,-,-,-
2020/12/25,25,5,13,3,0,0,7,0,0,0,-,-,-,-,-,-,-
2020/12/26,29,18,5,3,1,0,17,0,1,0,-,-,-,-,-,-,-
2020/12/27,12,2,2,0,5,0,2,0,1,1,-,-,-,-,-,-,-
2020/12/28,14,1,3,3,0,1,1,1,2,0,-,-,-,-,-,-,-
2020/12/29,7,3,1,0,0,1,0,0,3,0,-,-,-,-,-,-,-
2020/12/30,16,4,9,2,0,3,2,3,0,0,-,-,-,-,-,-,-
2020/12/31,49,45,16,13,0,8,21,2,6,0,-,-,-,-,-,-,-
2021/1/1,37,36,28,12,0,2,6,0,4,1,-,-,-,-,-,-,-
2021/1/2,18,9,6,0,0,0,5,0,6,1,-,-,-,-,-,-,-
2021/1/3,17,0,3,0,0,1,0,0,2,0,-,-,-,-,-,-,-
2021/1/4,2,0,1,0,0,0,1,0,1,1,-,-,-,-,-,-,-
2021/1/5,6,1,1,0,0,0,0,2,4,0,-,-,-,-,-,-,-
2021/1/6,7,0,3,0,1,0,0,1,3,0,-,-,-,-,-,-,-
2021/1/7,10,2,2,0,0,1,1,2,1,1,-,-,-,-,-,-,-
2021/1/8,9,3,0,0,0,2,3,1,2,1,-,-,-,-,-,-,-
2021/1/9,16,6,4,1,0,1,3,0,3,2,-,-,-,-,-,-,-
2021/1/10,10,2,1,0,1,1,2,4,5,3,-,-,-,-,-,-,-
2021/1/11,6,0,0,0,0,0,0,1,0,0,-,-,-,-,-,-,-
2021/1/12,5,1,2,0,0,0,0,0,0,0,-,-,-,-,-,-,-
2021/1/13,1,0,1,0,0,0,3,0,0,1,-,-,-,-,-,-,-
2021/1/14,1,2,1,1,1,0,1,3,0,3,-,-,-,-,-,-,-
2021/1/15,0,2,0,0,0,0,2,0,1,1,-,-,-,-,-,-,-
2021/1/16,3,8,2,1,0,0,5,2,1,0,-,-,-,-,-,-,-
2021/1/17,3,3,1,1,0,0,4,2,0,0,-,-,-,-,-,-,-
2021/1/18,1,1,0,0,0,0,2,0,2,0,-,-,-,-,-,-,-
2021/1/19,2,0,0,0,0,2,1,0,1,1,-,-,-,-,-,-,-
2021/1/20,5,2,1,0,0,2,0,0,5,1,-,-,-,-,-,-,-
2021/1/21,4,0,1,1,2,1,2,3,3,1,-,-,-,-,-,-,-
2021/1/22,1,5,0,0,1,0,3,0,2,3,-,-,-,-,-,-,-
2021/1/23,8,7,5,1,2,1,3,2,2,0,-,-,-,-,-,-,-
2021/1/24,3,3,0,0,1,0,7,3,5,2,-,-,-,-,-,-,-
2021/1/25,6,1,3,0,2,0,5,0,3,1,-,-,-,-,-,-,-
2021/1/26,5,2,1,2,0,0,0,2,2,4,-,-,-,-,-,-,-
2021/1/27,3,5,1,0,1,1,2,3,1,3,-,-,-,-,-,-,-
2021/1/28,1,1,0,1,1,0,2,1,0,0,-,-,-,-,-,-,-
2021/1/29,2,4,0,1,0,0,5,1,0,0,-,-,-,-,-,-,-
2021/1/30,1,8,2,0,1,2,1,2,0,0,-,-,-,-,-,-,-
2021/1/31,2,2,0,0,0,1,1,3,3,0,-,-,-,-,-,-,-
2021/2/1,2,2,0,1,2,0,6,1,6,0,1,-,-,-,-,-,-
2021/2/2,0,0,1,1,0,1,4,1,2,0,0,-,-,-,-,-,-
2021/2/3,0,1,1,2,0,1,2,0,3,1,0,-,-,-,-,-,-
2021/2/4,1,3,0,0,2,0,2,2,0,0,0,-,-,-,-,-,-
2021/2/5,1,3,3,3,1,1,3,1,3,1,0,-,-,-,-,-,-
2021/2/6,3,20,4,4,0,0,5,3,2,0,0,-,-,-,-,-,-
2021/2/7,3,8,1,4,0,0,2,1,1,0,0,1,-,-,-,-,-
2021/2/8,3,7,1,8,0,0,2,2,0,0,0,0,-,-,-,-,-
2021/2/9,1,2,0,6,0,0,0,0,0,0,0,0,-,-,-,-,-
2021/2/10,6,8,5,6,1,1,3,2,5,0,0,0,-,-,-,-,-
2021/2/11,12,14,11,9,0,0,16,2,1,0,0,0,-,-,-,-,-
2021/2/12,15,40,12,7,2,2,9,8,6,1,4,0,-,-,-,-,-
2021/2/13,7,33,6,8,0,0,8,1,3,0,3,0,-,-,-,-,-
2021/2/14,5,41,3,19,0,0,9,0,4,0,8,0,-,-,-,-,-
2021/2/15,2,14,0,9,1,0,4,1,0,0,0,1,-,-,-,-,-
2021/2/16,0,6,1,3,0,1,2,1,3,1,0,0,-,-,-,-,-
2021/2/17,6,5,0,5,0,0,2,0,2,0,0,0,-,-,-,-,-
2021/2/18,3,3,3,4,0,1,1,0,3,0,0,0,-,-,-,-,-
2021/2/19,1,1,0,0,0,0,4,0,0,1,0,0,-,-,-,-,-
2021/2/20,2,9,0,1,1,0,3,3,1,0,0,1,-,-,-,-,-
2021/2/21,2,3,0,5,4,0,3,4,1,0,0,0,-,-,-,-,-
2021/2/22,1,3,1,2,0,0,1,1,2,0,0,2,-,-,-,-,-
2021/2/23,1,2,1,0,1,0,0,2,1,0,1,0,-,-,-,-,-
2021/2/24,0,3,0,0,0,1,0,0,0,0,0,0,-,-,-,-,-
2021/2/25,2,1,1,0,0,1,5,2,2,0,0,0,-,-,-,-,-
2021/2/26,0,21,0,3,0,2,7,1,0,1,0,0,-,-,-,-,-
2021/2/27,1,36,0,8,2,0,7,1,0,0,0,0,-,-,-,-,-
2021/2/28,1,11,0,4,1,2,5,0,1,1,0,1,-,-,-,-,-
2021/3/1,3,1,1,0,0,0,1,0,0,0,0,2,-,-,-,-,-
2021/3/2,2,1,0,0,1,0,0,0,0,1,0,4,2,-,-,-,-
2021/3/3,0,0,1,0,1,1,1,0,2,1,0,0,0,-,-,-,-
2021/3/4,0,1,2,0,0,1,1,1,1,0,1,0,4,-,-,-,-
2021/3/5,1,13,1,0,0,0,2,0,0,3,0,2,5,-,-,-,-
2021/3/6,0,7,0,2,1,0,3,1,2,0,0,0,10,-,-,-,-
2021/3/7,1,0,2,0,0,0,1,2,0,1,1,0,2,-,-,-,-
2021/3/8,0,2,0,0,1,1,3,1,0,1,1,1,11,-,-,-,-
2021/3/9,2,0,0,1,0,0,1,1,0,0,0,2,4,-,-,-,-
2021/3/10,2,0,0,0,0,1,2,0,1,1,0,4,1,-,-,-,-
2021/3/11,0,2,1,0,0,0,0,2,3,0,0,1,5,-,-,-,-
2021/3/12,0,2,0,0,0,1,7,0,0,2,0,0,6,-,-,-,-
2021/3/13,1,10,0,3,0,1,4,0,0,0,0,1,19,-,-,-,-
2021/3/14,0,3,0,2,0,1,1,2,1,1,0,3,3,-,-,-,-
2021/3/15,0,1,0,0,0,0,1,1,0,0,0,0,3,-,-,-,-
2021/3/16,1,2,0,0,0,0,2,1,5,1,0,0,6,-,-,-,-
2021/3/17,0,1,2,0,0,0,4,1,0,0,0,2,2,-,-,-,-
2021/3/18,0,3,0,0,2,1,3,0,1,0,0,0,4,-,-,-,-
2021/3/19,6,8,2,1,0,1,2,0,3,1,0,2,14,-,-,-,-
2021/3/20,2,15,1,11,0,0,7,0,0,1,0,1,19,-,-,-,-
2021/3/21,1,2,0,1,0,1,1,0,1,0,0,1,3,-,-,-,-
2021/3/22,2,1,0,0,0,1,1,1,2,0,0,0,2,-,-,-,-
2021/3/23,0,0,0,0,0,0,1,3,0,0,0,0,7,-,-,-,-
2021/3/24,1,1,0,0,0,0,2,0,1,1,0,1,4,-,-,-,-
2021/3/25,1,3,1,0,0,0,3,1,4,2,0,1,1,-,-,-,-
2021/3/26,0,7,0,0,1,1,4,0,2,0,0,1,5,-,-,-,-
2021/3/27,0,13,1,9,0,0,2,2,0,0,0,1,33,-,-,-,-
2021/3/28,0,1,0,2,1,0,2,0,1,3,0,0,7,-,-,-,-
2021/3/29,0,1,1,3,1,0,4,1,1,0,0,3,4,-,-,-,-
2021/3/30,3,0,0,2,1,0,0,1,0,0,0,2,3,-,-,-,-
2021/3/31,1,1,0,2,0,0,1,1,0,0,0,0,0,-,-,-,-
2021/4/1,4,7,1,3,0,2,5,3,2,1,0,1,8,-,-,-,-
2021/4/2,0,24,0,11,1,0,2,2,0,1,0,3,50,-,-,-,-
2021/4/3,1,14,0,5,0,0,8,1,5,1,2,2,22,-,-,-,-
2021/4/4,5,4,0,4,0,0,3,0,0,0,0,0,13,-,-,-,-
2021/4/5,1,3,1,0,0,0,8,0,2,0,0,0,5,-,-,-,-
2021/4/6,1,3,0,3,0,0,4,2,3,1,0,1,1,-,-,-,-
2021/4/7,1,2,0,0,0,1,4,1,1,0,0,3,1,-,-,-,-
2021/4/8,0,1,3,0,0,2,2,0,2,0,0,2,1,-,-,-,-
2021/4/9,0,10,2,0,0,0,6,1,1,1,0,1,4,-,-,-,-
2021/4/10,2,17,1,10,1,0,12,1,0,0,3,0,18,-,-,-,-
2021/4/11,4,3,1,0,1,0,2,1,1,0,0,2,2,-,-,-,-
2021/4/12,2,0,0,1,1,0,3,3,1,0,1,0,4,-,-,-,-
2021/4/13,1,3,0,0,0,0,1,3,1,0,1,2,2,-,-,-,-
2021/4/14,3,4,1,0,1,0,1,1,1,1,1,3,1,-,-,-,-
2021/4/15,2,1,0,0,0,0,1,3,0,2,1,1,2,-,-,-,-
2021/4/16,1,11,0,0,1,0,10,1,3,1,5,0,16,-,-,-,-
2021/4/17,1,22,0,3,0,0,4,1,0,2,1,1,14,-,-,-,-
2021/4/18,3,1,0,3,0,0,5,3,3,0,1,0,2,-,-,-,-
2021/4/19,1,1,0,1,0,0,2,2,0,0,2,0,2,-,-,-,-
2021/4/20,0,0,2,0,1,0,2,1,2,0,1,1,1,-,-,-,-
2021/4/21,5,3,1,3,0,0,2,0,0,0,1,1,5,-,-,-,-
2021/4/22,5,4,0,0,2,1,2,0,0,1,0,1,3,-,-,-,-
2021/4/23,4,10,0,3,0,0,10,2,0,2,0,1,9,-,-,-,-
2021/4/24,0,23,0,15,0,0,7,1,0,1,1,0,17,-,-,-,-
2021/4/25,3,1,1,5,0,1,6,1,1,1,0,1,4,-,-,-,-
2021/4/26,4,2,0,1,0,1,1,0,0,1,0,0,0,-,-,-,-
2021/4/27,2,1,0,1,1,1,5,3,1,1,1,1,6,-,-,-,-
2021/4/28,3,1,0,1,0,1,2,3,1,1,1,1,5,-,-,-,-
2021/4/29,0,2,0,2,1,0,1,4,1,1,0,1,7,-,-,-,-
2021/4/30,0,24,1,10,0,0,0,3,1,0,1,1,13,-,-,-,-
2021/5/1,4,19,1,11,1,2,3,1,1,1,0,1,28,-,-,-,-
2021/5/2,1,5,1,2,0,0,2,3,1,0,0,1,5,-,-,-,-
2021/5/3,1,2,0,4,0,0,7,0,2,1,1,1,2,-,-,-,-
2021/5/4,3,1,0,0,0,1,4,2,1,1,1,1,1,-,-,-,-
2021/5/5,3,0,0,0,0,1,2,0,1,0,0,0,4,-,-,-,-
2021/5/6,0,1,0,0,0,1,1,2,1,1,1,1,4,-,-,-,-
2021/5/7,5,2,0,0,1,1,6,0,0,2,0,3,13,-,-,-,-
2021/5/8,2,4,0,14,0,0,9,6,0,2,0,1,13,-,-,-,-
2021/5/9,0,1,0,1,0,1,5,1,0,0,0,1,1,-,-,-,-
2021/5/10,0,1,1,0,0,0,5,0,1,2,0,0,2,-,-,-,-
2021/5/11,1,0,2,1,0,1,3,2,0,0,0,5,3,-,-,-,-
2021/5/12,3,0,0,0,0,0,0,1,0,0,0,0,5,-,-,-,-
2021/5/13,3,4,0,1,0,0,1,5,1,1,2,0,12,-,-,-,-
2021/5/14,2,17,1,0,0,1,13,1,2,0,2,1,15,-,-,-,-
2021/5/15,1,44,0,10,0,0,22,2,3,1,0,2,42,-,-,-,-
2021/5/16,1,0,2,12,0,1,3,4,2,2,1,1,10,-,-,-,-
2021/5/17,2,0,0,0,0,0,5,2,1,0,0,2,13,-,-,-,-
2021/5/18,4,6,0,3,0,3,3,0,3,1,2,5,9,-,-,-,-
2021/5/19,0,1,0,3,0,1,4,5,1,0,1,4,6,-,-,-,-
2021/5/20,1,11,0,1,0,2,0,1,1,1,0,5,12,-,-,-,-
2021/5/21,1,22,1,3,0,1,10,4,3,2,0,2,30,-,-,-,-
2021/5/22,1,53,1,16,0,0,2,2,3,1,1,1,45,-,-,-,-
2021/5/23,0,6,0,5,1,0,5,0,1,3,3,4,12,-,-,-,-
2021/5/24,1,2,1,2,0,1,4,0,0,1,1,3,10,-,-,-,-
2021/5/25,0,0,3,1,2,0,2,0,0,1,1,5,4,-,-,-,-
2021/5/26,0,1,0,2,0,0,5,4,4,0,1,6,1,-,-,-,-
2021/5/27,3,1,2,0,1,2,4,3,1,3,6,3,7,-,-,-,-
2021/5/28,2,11,0,5,0,6,2,3,1,0,4,6,19,-,-,-,-
2021/5/29,0,9,2,10,0,1,7,5,2,2,0,2,20,-,-,-,-
2021/5/30,3,0,5,0,0,0,2,2,2,1,3,3,0,-,-,-,-
2021/5/31,4,0,0,0,0,1,2,3,2,5,3,4,0,-,-,-,-
2021/6/1,5,1,1,0,4,1,1,5,2,2,3,8,0,-,-,-,-
2021/6/2,0,0,0,3,2,0,4,0,0,3,0,2,2,-,-,-,-
2021/6/3,3,0,3,1,0,1,3,6,4,3,1,3,3,-,-,-,-
2021/6/4,0,0,5,2,1,3,3,2,3,1,3,2,6,-,-,-,-
2021/6/5,6,0,0,6,1,0,4,0,3,0,0,5,11,-,-,-,-
2021/6/6,7,0,2,3,2,1,0,18,1,0,0,3,5,-,-,-,-
2021/6/7,2,1,0,1,1,0,1,15,2,1,0,0,1,-,-,-,-
2021/6/8,1,0,1,0,0,1,0,2,1,0,1,2,0,-,-,-,-
2021/6/9,0,0,1,0,0,0,1,0,0,0,1,0,1,-,-,-,-
2021/6/10,1,1,2,0,2,0,0,2,0,2,0,4,2,-,-,-,-
2021/6/11,8,0,0,8,1,2,1,1,2,1,0,4,10,-,-,-,-
2021/6/12,1,1,0,9,1,4,0,2,2,1,0,1,13,-,-,-,-
2021/6/13,0,7,0,3,0,0,0,0,2,1,2,0,3,-,-,-,-
2021/6/14,0,0,0,0,1,2,1,1,2,1,0,0,2,-,-,-,-
2021/6/15,0,0,0,0,1,0,1,0,0,3,3,1,2,-,-,-,-
2021/6/16,0,0,0,0,1,1,0,2,0,1,0,1,8,-,-,-,-
2021/6/17,1,0,3,0,3,0,1,1,4,1,1,2,0,-,-,-,-
2021/6/18,4,0,0,0,2,1,1,1,8,4,3,2,3,-,-,-,-
2021/6/19,2,0,1,4,0,1,1,3,2,1,0,2,7,-,-,-,-
2021/6/20,0,0,0,1,0,0,0,1,0,1,1,2,0,-,-,-,-
2021/6/21,0,0,0,0,1,1,0,0,0,5,0,0,1,-,-,-,-
2021/6/22,2,0,0,0,0,1,0,1,0,0,0,2,1,-,-,-,-
2021/6/23,1,2,0,0,0,0,0,3,0,2,0,1,2,-,-,-,-
2021/6/24,1,0,0,0,0,0,0,3,0,0,0,4,1,-,-,-,-
2021/6/25,0,0,0,0,0,1,0,1,3,0,0,0,2,-,-,-,-
2021/6/26,2,0,0,5,0,0,0,0,1,0,3,0,4,-,-,-,-
2021/6/27,1,0,0,0,0,0,0,0,5,0,0,1,0,-,-,-,-
2021/6/28,0,2,0,0,0,0,0,0,0,0,0,2,0,-,-,-,-
2021/6/29,0,0,0,0,1,0,0,0,0,0,0,0,0,-,-,-,-
2021/6/30,1,0,0,0,0,1,0,2,0,0,0,0,1,-,-,-,-
2021/7/1,2,0,3,0,0,0,0,4,0,0,0,1,0,-,-,-,-
2021/7/2,0,0,0,1,2,0,0,6,0,0,0,1,1,-,-,-,-
2021/7/3,0,0,0,3,0,0,0,1,1,0,0,0,3,-,-,-,-
2021/7/4,1,0,0,5,0,1,0,2,1,0,0,0,1,-,-,-,-
2021/7/5,1,0,0,3,0,0,0,0,1,0,0,0,1,-,-,-,-
2021/7/6,0,0,0,1,0,0,0,0,0,0,0,0,0,-,-,-,-
2021/7/7,1,0,1,0,0,0,0,1,0,0,0,0,0,-,-,-,-
2021/7/8,0,0,0,2,0,0,0,1,0,0,0,0,1,-,-,-,-
2021/7/9,2,0,0,1,0,0,0,0,0,0,0,0,1,-,-,-,-
2021/7/10,2,0,0,7,1,0,0,1,0,0,0,0,1,-,-,-,-
2021/7/11,3,1,0,4,0,0,0,0,0,0,0,0,0,-,-,-,-
2021/7/12,3,0,1,2,0,1,0,0,0,0,0,0,0,-,-,-,-
2021/7/13,3,0,0,1,0,1,0,0,0,0,0,0,2,-,-,-,-
2021/7/14,0,0,0,0,0,0,0,1,0,0,0,0,0,-,-,-,-
2021/7/15,0,0,2,2,1,0,1,1,1,0,1,3,2,-,-,-,-
2021/7/16,1,0,0,0,2,1,0,1,1,1,1,5,5,-,-,-,-
2021/7/17,0,10,0,0,1,0,1,2,2,1,1,1,8,-,-,-,-
2021/7/18,1,0,0,2,1,1,1,3,1,0,1,2,0,-,-,-,-
2021/7/19,2,1,1,0,0,0,2,2,2,0,2,0,0,-,-,-,-
2021/7/20,1,2,0,0,0,0,1,0,2,2,1,2,2,-,-,-,-
2021/7/21,1,0,2,1,1,1,0,1,3,2,0,1,0,-,-,-,-
2021/7/22,2,0,1,2,0,1,0,0,8,0,1,0,3,-,-,-,-
2021/7/23,1,2,0,1,2,0,0,5,7,1,0,3,5,-,-,-,-
2021/7/24,0,1,1,1,3,1,2,0,6,0,2,0,1,-,-,-,-
2021/7/25,2,0,2,0,1,1,0,0,1,2,3,3,3,-,-,-,-
2021/7/26,1,0,1,0,0,0,1,0,1,1,0,1,0,-,-,-,-
2021/7/27,0,1,1,0,2,1,0,3,2,1,1,2,7,-,-,-,-
2021/7/28,1,0,1,4,1,1,1,1,1,2,0,0,0,-,-,-,-
2021/7/29,1,0,0,3,0,0,0,2,1,0,3,1,0,-,-,-,-
2021/7/30,4,1,0,3,0,0,1,2,2,0,0,0,2,-,-,-,-
2021/7/31,2,0,0,1,0,0,0,4,2,0,1,0,4,-,-,-,-
2021/8/1,3,0,0,0,2,1,0,1,5,1,2,5,1,-,-,-,-
2021/8/2,3,0,0,0,0,0,0,2,2,1,0,0,0,-,-,-,-
2021/8/3,1,0,0,2,0,3,1,0,1,0,1,2,0,-,-,-,-
2021/8/4,2,0,1,0,0,0,0,4,1,0,1,1,2,-,-,-,-
2021/8/5,1,0,2,0,1,2,0,4,2,1,3,1,3,-,-,-,-
2021/8/6,1,2,0,1,0,1,1,1,1,0,0,1,0,-,-,-,-
2021/8/7,2,0,0,2,0,1,0,1,1,0,0,0,3,-,-,-,-
2021/8/8,3,0,0,0,1,4,2,3,2,1,3,2,0,-,-,-,-
2021/8/9,0,0,1,1,0,3,0,1,1,0,2,2,1,-,-,-,-
2021/8/10,1,0,1,0,1,1,1,1,2,6,0,5,4,-,-,-,-
2021/8/11,0,1,0,0,0,0,1,3,0,1,0,1,1,-,-,-,-
2021/8/12,1,0,1,3,2,0,0,3,1,2,6,3,2,-,-,-,-
2021/8/13,1,0,1,0,2,0,1,2,4,1,0,8,0,-,-,-,-
2021/8/14,2,0,0,1,0,0,1,1,0,0,0,0,1,-,-,-,-
2021/8/15,4,1,2,0,1,1,0,2,3,3,0,4,1,-,-,-,-
2021/8/16,0,0,0,0,0,0,1,0,1,0,3,1,1,-,-,-,-
2021/8/17,0,0,1,0,1,0,2,4,1,2,1,0,0,-,-,-,-
2021/8/18,1,0,0,0,1,1,2,1,6,1,0,1,1,-,-,-,-
2021/8/19,1,0,0,0,1,3,0,3,2,0,5,8,2,-,-,-,-
2021/8/20,1,1,1,1,0,1,1,5,0,1,5,5,1,-,-,-,-
2021/8/21,3,0,2,3,5,1,0,7,0,3,0,1,2,-,-,-,-
2021/8/22,3,0,0,1,1,1,0,0,3,4,0,1,0,-,-,-,-
2021/8/23,4,0,0,1,0,0,0,1,7,1,0,0,0,-,-,-,-
2021/8/24,1,0,0,0,0,0,0,0,4,1,0,1,2,-,-,-,-
2021/8/25,2,1,0,0,0,1,1,6,0,0,0,1,1,-,-,-,-
2021/8/26,0,0,0,1,0,0,2,1,0,0,1,4,1,-,-,-,-
2021/8/27,0,0,0,0,0,1,2,3,4,0,0,5,1,-,-,-,-
2021/8/28,2,1,0,1,0,0,1,5,0,1,0,1,0,-,-,-,-
2021/8/29,2,0,0,0,1,0,0,3,4,0,0,0,0,-,-,-,-
2021/8/30,3,0,0,0,0,0,0,0,2,1,0,0,0,-,-,-,-
2021/8/31,2,0,0,0,0,0,1,0,3,0,0,0,1,-,-,-,-
2021/9/1,4,0,1,1,1,1,3,4,4,3,0,3,3,-,-,-,-
2021/9/2,0,0,0,0,0,1,5,4,0,0,0,3,2,-,-,-,-
2021/9/3,0,0,0,0,0,0,3,2,2,0,1,2,3,-,-,-,-
2021/9/4,3,0,1,0,1,0,1,2,2,1,1,0,5,-,-,-,-
2021/9/5,0,0,0,0,0,1,0,6,0,0,1,1,2,-,-,-,-
2021/9/6,4,0,0,0,1,0,0,0,0,0,0,0,0,-,-,-,-
2021/9/7,1,0,1,0,2,1,2,2,1,1,1,0,2,-,-,-,-
2021/9/8,0,0,0,0,2,1,2,0,2,1,1,0,0,-,-,-,-
2021/9/9,2,0,0,0,0,1,1,2,2,1,1,0,0,-,-,-,-
2021/9/10,1,0,0,1,1,1,4,6,3,0,0,0,1,-,-,-,-
2021/9/11,0,0,0,2,0,3,0,3,1,3,0,1,1,-,-,-,-
2021/9/12,0,0,0,0,0,0,1,1,2,0,0,2,1,-,-,-,-
2021/9/13,0,0,0,0,0,0,1,1,1,0,1,0,0,-,-,-,-
2021/9/14,2,0,0,0,0,0,0,2,1,0,2,0,0,-,-,-,-
2021/9/15,0,1,0,0,2,0,0,2,0,1,0,1,0,-,-,-,-
2021/9/16,1,0,0,0,0,0,0,0,2,0,1,0,0,-,-,-,-
2021/9/17,1,0,0,4,0,1,3,1,4,4,0,0,4,-,-,-,-
2021/9/18,1,0,1,12,1,0,1,0,4,0,1,0,1,-,-,-,-
2021/9/19,4,0,0,12,0,0,0,1,1,1,1,1,0,-,-,-,-
2021/9/20,0,0,1,3,0,1,0,0,0,0,0,1,0,-,-,-,-
2021/9/21,1,0,0,1,0,0,0,3,2,0,0,0,1,-,-,-,-
2021/9/22,1,1,1,0,1,0,0,1,1,1,1,2,1,-,-,-,-
2021/9/23,0,0,0,0,1,0,6,2,4,1,2,1,0,-,-,-,-
2021/9/24,3,0,0,0,0,0,4,2,1,1,2,0,3,-,-,-,-
2021/9/25,0,0,0,6,1,1,2,0,2,1,0,2,6,-,-,-,-
2021/9/26,1,0,1,0,2,0,2,0,1,0,2,0,3,-,-,-,-
2021/9/27,1,0,0,0,0,1,1,0,2,1,0,0,7,-,-,-,-
2021/9/28,0,0,0,0,0,1,1,1,2,0,0,0,5,-,-,-,-
2021/9/29,1,0,0,0,1,0,1,1,1,0,1,0,3,-,-,-,-
2021/9/30,3,0,1,1,1,0,0,0,0,1,3,5,0,-,-,-,-
2021/10/1,1,0,0,0,1,1,2,4,3,0,1,4,0,-,-,-,-
2021/10/2,4,0,0,4,0,0,1,0,3,0,2,0,1,-,-,-,-
2021/10/3,0,0,1,1,0,0,0,0,4,0,1,3,1,-,-,-,-
2021/10/4,1,0,1,0,1,0,0,0,1,0,3,0,0,-,-,-,-
2021/10/5,2,0,1,0,2,0,3,0,2,1,1,3,0,-,-,-,-
2021/10/6,1,0,0,0,0,0,3,0,1,0,0,0,2,-,-,-,-
2021/10/7,2,0,0,3,2,2,1,0,0,2,1,1,2,-,-,-,-
2021/10/8,0,0,0,3,1,0,3,0,2,0,0,1,2,-,-,-,-
2021/10/9,0,0,0,12,0,1,4,0,3,0,0,0,4,-,-,-,-
2021/10/10,0,0,0,7,0,0,0,0,1,0,3,0,2,-,-,-,-
2021/10/11,1,0,0,0,0,0,1,1,1,0,0,1,0,-,-,-,-
2021/10/12,1,0,0,0,1,2,1,0,0,1,1,2,0,-,-,-,-
2021/10/13,0,0,1,0,0,0,0,0,2,0,1,4,2,-,-,-,-
2021/10/14,0,0,0,0,0,1,0,2,1,0,1,2,1,-,-,-,-
2021/10/15,1,1,1,1,0,0,4,2,2,0,4,2,4,1,-,-,-
2021/10/16,1,0,0,9,1,0,9,1,0,0,1,0,1,1,-,-,-
2021/10/17,1,0,0,0,0,0,1,2,1,1,0,1,3,0,-,-,-
2021/10/18,2,0,0,0,0,1,2,2,0,0,1,0,1,0,-,-,-
2021/10/19,1,0,0,0,1,0,0,0,3,0,3,0,0,0,-,-,-
2021/10/20,0,0,0,0,0,1,1,2,0,1,0,2,1,0,-,-,-
2021/10/21,0,0,0,0,0,2,1,1,0,0,1,0,2,0,-,-,-
2021/10/22,2,0,1,1,0,0,5,0,1,1,0,0,0,1,-,-,-
2021/10/23,4,1,0,6,0,0,8,0,1,1,0,0,2,2,-,-,-
2021/10/24,1,0,0,0,1,0,1,0,2,0,0,0,0,0,-,-,-
2021/10/25,0,0,0,0,2,0,1,0,0,1,0,0,0,0,-,-,-
2021/10/26,1,0,0,0,0,0,0,0,0,0,3,0,1,0,-,-,-
2021/10/27,0,0,0,0,1,0,0,0,1,0,2,3,2,0,-,-,-
2021/10/28,2,0,0,0,0,0,1,1,0,1,2,2,2,0,-,-,-
2021/10/29,2,0,0,1,1,0,5,1,1,2,2,0,1,3,-,-,-
2021/10/30,2,0,0,7,1,1,6,0,0,0,0,3,1,0,-,-,-
2021/10/31,0,0,0,0,0,0,3,1,2,1,1,2,2,0,-,-,-
2021/11/1,1,0,0,0,1,1,4,1,3,2,1,3,1,0,-,-,-
2021/11/2,2,0,0,0,1,0,2,1,0,2,1,1,1,0,-,-,-
2021/11/3,1,0,0,0,0,1,2,0,0,0,1,0,1,0,-,-,-
2021/11/4,4,0,3,0,0,0,0,3,3,3,0,1,0,0,-,-,-
2021/11/5,3,0,0,0,1,1,5,0,0,1,4,1,1,1,-,-,-
2021/11/6,1,0,2,27,0,0,6,0,1,0,0,0,3,1,-,-,-
2021/11/7,0,0,0,4,0,3,1,0,5,0,3,1,5,0,-,-,-
2021/11/8,3,0,0,0,0,0,0,0,1,1,1,1,0,0,-,-,-
2021/11/9,0,0,1,0,0,1,3,0,0,1,0,0,0,0,-,-,-
2021/11/10,1,0,1,0,0,0,2,1,0,0,0,0,1,1,-,-,-
2021/11/11,2,0,0,0,0,0,0,0,3,1,0,2,2,0,-,-,-
2021/11/12,3,0,0,0,0,0,4,0,0,1,0,0,0,0,-,-,-
2021/11/13,1,0,0,5,0,1,1,0,2,0,0,0,2,1,-,1,-
2021/11/14,1,0,1,0,0,0,0,0,2,1,0,0,2,0,-,0,-
2021/11/15,0,0,0,0,0,1,0,0,2,0,0,0,1,0,-,6,-
2021/11/16,0,0,0,0,0,2,0,0,1,0,0,3,1,0,-,1,-
2021/11/17,0,0,0,0,0,0,0,0,1,0,0,1,0,0,-,1,-
2021/11/18,2,0,2,0,1,1,0,4,2,0,1,0,4,2,-,0,-
2021/11/19,1,0,1,0,0,0,3,1,1,1,1,0,2,1,-,1,-
2021/11/20,2,0,1,5,0,0,10,2,1,0,1,0,0,2,-,15,-
2021/11/21,2,0,0,0,0,0,0,3,4,0,1,2,1,0,-,1,-
2021/11/22,0,0,0,0,0,0,2,0,2,0,1,0,0,0,-,0,-
2021/11/23,0,0,0,0,0,0,0,1,2,0,0,0,0,1,-,1,-
2021/11/24,8,0,0,0,0,0,3,0,2,0,0,1,1,0,-,2,-
2021/11/25,3,0,0,1,0,0,1,3,1,3,0,1,0,3,-,2,-
2021/11/26,1,0,1,0,0,0,2,1,1,3,0,0,6,2,-,3,-
2021/11/27,0,0,0,1,1,1,3,2,4,1,2,0,0,0,-,25,-
2021/11/28,2,0,1,0,0,0,0,2,2,0,0,0,1,0,-,1,-
2021/11/29,1,0,0,0,0,0,0,0,6,0,3,0,1,0,-,0,-
2021/11/30,1,0,0,0,1,1,1,2,3,1,0,1,4,1,-,4,-
2021/12/1,6,0,0,0,2,1,1,1,2,1,1,1,1,0,-,4,-
2021/12/2,3,0,0,0,0,1,0,1,2,1,2,6,1,1,-,0,-
2021/12/3,6,0,0,0,0,0,2,4,1,0,0,1,1,1,-,4,-
2021/12/4,2,0,0,3,0,0,16,0,4,0,0,0,6,1,10,68,-
2021/12/5,3,1,0,3,1,0,5,1,4,0,1,3,4,1,0,1,-
2021/12/6,2,0,0,0,0,0,7,1,1,0,1,0,0,1,0,0,-
2021/12/7,2,0,0,0,1,1,1,0,1,0,1,0,2,2,0,0,-
2021/12/8,4,0,1,0,0,1,0,1,4,1,0,0,2,0,1,6,-
2021/12/9,1,0,0,0,0,1,2,0,2,0,0,1,2,1,0,3,-
2021/12/10,2,3,1,1,2,1,20,1,3,0,0,2,5,0,1,9,-
2021/12/11,0,0,2,0,1,0,17,1,2,1,1,1,6,0,33,48,-
2021/12/12,0,0,0,0,0,0,5,0,1,1,4,4,3,0,0,3,-
2021/12/13,0,0,0,0,0,0,5,2,4,1,0,1,0,0,0,0,-
2021/12/14,2,0,0,0,3,1,7,1,5,1,0,2,4,6,0,2,-
2021/12/15,3,0,1,0,3,1,1,0,6,2,0,1,2,5,0,1,-
2021/12/16,1,0,0,0,0,0,0,1,5,5,1,4,1,6,1,2,-
2021/12/17,2,0,1,1,1,1,6,1,5,2,2,2,5,2,4,6,-
2021/12/18,6,0,0,3,2,0,29,1,3,2,4,8,3,1,46,54,-
2021/12/19,0,0,2,0,0,3,4,0,2,0,2,1,0,3,1,2,-
2021/12/20,1,0,0,0,0,2,0,1,2,0,0,2,2,1,0,1,-
2021/12/21,0,0,0,0,1,5,2,3,2,0,1,4,3,1,2,0,-
2021/12/22,1,0,1,0,0,0,3,1,2,0,5,3,2,1,1,0,-
2021/12/23,1,0,2,0,0,2,2,0,0,2,4,1,4,3,1,0,-
2021/12/24,1,0,0,0,0,0,2,0,2,6,0,6,1,1,8,10,-
2021/12/25,2,1,1,1,1,0,14,3,4,1,1,4,2,2,37,52,-
2021/12/26,1,0,2,0,0,0,1,4,4,1,3,9,4,1,0,1,-
2021/12/27,0,0,2,0,0,4,3,4,9,1,0,4,2,2,0,0,-
2021/12/28,5,0,2,0,3,1,2,1,4,1,2,1,4,3,1,0,-
2021/12/29,2,0,0,0,0,9,3,4,5,0,2,2,3,2,0,0,-
2021/12/30,1,0,0,1,0,0,8,3,3,0,1,4,1,5,15,9,-
2021/12/31,2,1,1,30,0,5,64,1,7,2,0,2,0,4,59,129,-
2022/1/1,1,0,1,11,1,1,8,0,2,2,2,3,1,2,30,31,4
2022/1/2,0,0,1,1,1,2,2,0,3,2,0,1,2,2,0,0,1
2022/1/3,3,1,0,0,5,3,2,2,5,0,1,3,2,2,1,2,2
2022/1/4,0,0,1,0,2,2,4,0,6,1,1,0,5,3,0,0,0
2022/1/5,3,0,1,0,1,3,11,0,11,2,4,7,1,7,0,0,0
2022/1/6,2,0,0,0,4,4,1,2,5,1,1,7,6,5,0,0,0
2022/1/7,4,1,0,0,3,3,6,0,21,0,2,3,2,6,2,0,1
2022/1/8,17,1,0,0,1,5,20,1,6,0,2,2,7,7,6,1,2
2022/1/9,2,4,0,1,0,5,2,1,4,1,1,4,1,7,2,1,0
2022/1/10,11,32,0,0,0,0,4,8,4,4,1,4,8,3,0,0,0
2022/1/11,0,1,0,0,0,0,2,0,5,1,1,1,7,8,0,0,0
2022/1/12,5,25,0,0,0,2,2,1,3,0,1,2,0,5,1,1,2
2022/1/13,2,2,0,0,0,0,1,0,12,0,2,9,0,4,5,1,3
2022/1/14,10,1,0,0,1,0,7,0,8,0,1,6,11,3,3,4,4
2022/1/15,19,0,3,0,1,5,11,2,6,4,2,9,6,6,44,53,5
2022/1/16,6,0,1,0,0,1,11,2,10,5,2,9,11,9,1,2,9
2022/1/17,0,1,0,1,0,0,6,0,7,0,0,4,2,3,1,0,2
2022/1/18,1,0,1,0,0,1,10,1,6,0,0,1,2,0,1,0,1
2022/1/19,0,0,1,0,0,1,5,0,4,0,3,4,3,0,0,2,1
2022/1/20,2,0,1,0,2,1,3,0,10,1,1,3,2,1,4,5,5
2022/1/21,2,9,1,0,1,1,8,2,7,0,2,4,3,1,10,15,4
2022/1/22,0,16,2,1,2,1,12,3,3,0,3,6,4,1,32,62,7
2022/1/23,0,5,4,1,0,1,8,0,1,1,3,3,0,1,4,1,27
2022/1/24,0,0,0,2,0,3,1,3,0,1,3,2,1,3,0,0,14
2022/1/25,2,5,0,0,4,0,8,4,0,1,1,4,1,1,1,1,5
2022/1/26,1,2,0,1,0,0,4,3,4,0,4,1,2,3,0,0,14
2022/1/27,2,2,0,2,1,0,2,1,9,0,0,1,2,2,2,0,19
2022/1/28,2,4,0,2,1,0,6,1,3,1,0,4,0,1,0,1,12
2022/1/29,2,6,2,5,2,0,11,2,3,0,2,3,1,1,14,4,9
2022/1/30,5,7,0,21,1,0,17,1,3,0,0,3,5,3,10,6,49
2022/1/31,1,5,0,13,0,0,16,1,2,1,3,0,1,0,30,19,46
2022/2/1,13,13,1,20,2,1,19,0,3,4,6,1,1,1,8,6,10
2022/2/2,3,14,0,20,0,0,33,5,2,2,2,2,0,1,9,25,17
2022/2/3,0,24,0,30,1,0,21,3,5,0,2,2,8,0,18,18,23
2022/2/4,6,25,0,17,1,0,16,1,3,1,3,1,3,2,3,9,14
2022/2/5,5,5,0,7,0,0,24,1,2,0,1,1,3,1,0,0,13
2022/2/6,3,1,0,3,0,1,14,5,3,0,0,3,0,3,1,3,6
2022/2/7,2,4,1,4,2,0,4,2,1,0,4,0,2,0,0,1,18
2022/2/8,4,6,2,2,1,0,4,3,1,4,2,1,0,1,1,0,13
2022/2/9,1,3,1,1,0,0,3,2,3,0,1,0,2,0,1,1,9
2022/2/10,2,1,0,0,2,0,7,2,4,1,1,3,4,3,0,0,6
2022/2/11,1,16,0,0,0,3,3,2,4,4,5,2,1,4,0,1,4
2022/2/12,1,14,0,1,2,0,4,0,0,0,4,5,2,2,3,2,0
2022/2/13,2,1,2,0,1,2,7,1,1,6,2,2,3,1,0,0,5
2022/2/14,0,1,1,0,0,0,1,1,0,1,2,6,1,1,0,0,2
2022/2/15,0,2,1,1,1,0,1,0,1,0,4,2,1,0,0,0,1
2022/2/16,1,2,1,1,0,0,1,4,3,1,3,0,1,1,2,2,2
2022/2/17,1,3,0,0,0,0,2,2,1,0,2,3,1,3,0,1,2
2022/2/18,1,8,0,0,2,0,3,2,4,1,2,2,1,6,0,3,9
2022/2/19,1,27,1,1,0,0,2,1,0,3,2,9,1,0,12,5,28
2022/2/20,2,2,4,0,0,0,4,4,1,1,2,2,1,1,0,2,15
2022/2/21,3,2,0,0,1,1,1,3,1,0,2,2,3,1,0,1,2
2022/2/22,3,1,0,0,0,0,1,1,2,0,3,1,1,1,0,4,4
2022/2/23,2,1,0,0,1,0,2,1,2,1,1,6,1,1,1,0,1
2022/2/24,2,7,0,0,0,1,1,1,0,2,2,2,1,2,1,0,1
2022/2/25,2,31,0,0,0,0,8,3,0,1,5,2,4,0,8,10,23
2022/2/26,0,43,1,13,0,0,6,2,0,0,4,1,1,0,36,34,24
2022/2/27,0,35,2,4,0,0,5,2,0,0,3,4,2,0,25,18,17
2022/2/28,1,4,0,0,0,0,3,1,1,1,3,3,1,1,2,1,14
2022/3/1,3,4,1,3,0,1,3,0,4,0,0,1,0,0,0,0,2
2022/3/2,4,0,0,1,4,0,1,0,0,0,3,3,4,0,0,2,1
2022/3/3,1,2,0,0,0,0,2,3,1,1,0,2,3,0,1,1,3
2022/3/4,5,15,2,0,0,1,4,1,0,1,3,2,1,1,3,1,12
2022/3/5,5,30,0,1,0,0,6,1,1,0,0,3,4,3,13,6,3
2022/3/6,3,5,0,0,2,0,7,3,2,1,3,2,1,0,0,3,14
2022/3/7,4,1,5,0,0,0,5,1,3,1,3,1,0,0,0,0,3
2022/3/8,2,3,0,0,0,0,1,1,1,0,0,2,0,0,3,0,3
2022/3/9,5,2,1,0,0,1,1,0,3,0,2,2,5,4,1,0,0
2022/3/10,1,8,2,0,0,0,5,3,0,2,0,0,0,1,1,0,6
2022/3/11,4,8,0,0,1,0,4,4,0,0,4,3,1,1,9,5,22
2022/3/12,5,26,0,1,4,0,8,0,0,1,3,0,6,0,20,16,10
2022/3/13,2,1,2,0,0,0,6,2,1,3,1,7,1,0,4,2,8
2022/3/14,0,3,0,0,0,0,7,0,2,1,0,0,1,0,1,0,1
2022/3/15,2,4,2,0,2,0,4,2,3,2,3,2,1,0,5,0,6
2022/3/16,3,1,0,0,2,2,2,2,6,2,1,1,5,0,0,1,3
2022/3/17,4,6,0,2,3,0,4,5,2,2,3,1,3,1,1,0,3
2022/3/18,3,10,0,2,3,2,6,3,3,1,2,1,3,2,8,1,23
2022/3/19,2,22,1,5,1,0,10,2,0,2,1,1,8,1,18,1,13
2022/3/20,3,1,2,0,0,1,4,2,2,1,0,0,2,1,1,0,8
2022/3/21,3,0,2,0,0,0,3,1,2,1,3,1,0,1,0,0,9
2022/3/22,2,1,0,0,0,0,4,2,0,2,4,0,1,0,0,0,1
2022/3/23,1,1,1,1,0,2,5,0,1,1,0,1,6,1,1,0,3
2022/3/24,2,1,1,0,0,1,2,2,2,0,1,1,2,1,1,0,6
2022/3/25,3,11,2,1,6,0,10,1,5,0,1,2,0,4,9,0,15
2022/3/26,8,15,1,10,2,0,9,0,2,0,2,0,1,2,36,0,14
2022/3/27,5,1,1,1,0,0,4,2,0,0,3,2,3,1,3,0,26
2022/3/28,0,2,0,1,0,2,4,2,2,0,3,1,0,0,1,0,10
2022/3/29,0,1,0,0,1,0,7,2,1,1,2,0,0,1,3,0,2
2022/3/30,1,2,2,1,0,1,4,1,1,0,1,0,3,0,2,0,3
2022/3/31,3,1,2,1,2,1,2,1,2,1,1,1,0,2,3,0,9
2022/4/1,4,16,0,9,1,0,9,4,9,1,1,1,3,3,27,0,23
2022/4/2,2,59,1,19,3,4,15,4,5,0,1,0,1,1,76,12,29
2022/4/3,2,39,0,19,0,1,8,3,3,2,0,0,0,5,38,13,44
2022/4/4,0,14,0,3,1,1,5,0,2,1,0,0,2,1,24,1,15
2022/4/5,1,2,0,2,0,2,7,2,2,5,3,1,0,0,0,0,14
2022/4/6,3,8,0,1,1,0,11,2,0,3,4,0,1,1,2,1,4
2022/4/7,1,3,0,1,0,0,4,1,2,1,3,0,2,1,9,2,5
2022/4/8,3,16,1,1,4,0,9,1,5,0,1,0,4,6,12,2,18
2022/4/9,9,34,0,9,1,0,15,3,0,2,2,2,0,1,32,5,16
2022/4/10,3,7,1,1,3,0,5,4,8,2,0,1,1,3,2,0,38
2022/4/11,0,0,0,1,0,1,4,0,3,0,1,0,0,1,3,0,7
2022/4/12,2,0,0,0,0,0,9,2,2,4,0,0,0,3,1,2,8
2022/4/13,2,2,0,0,0,3,2,9,0,0,0,0,2,1,1,1,7
2022/4/14,2,1,0,0,0,0,5,2,16,0,0,0,7,2,1,2,7
2022/4/15,2,13,0,8,2,4,10,5,3,0,0,1,0,4,9,1,46
2022/4/16,2,16,0,9,1,0,12,0,1,1,2,1,9,1,10,1,15
2022/4/17,2,0,0,3,0,0,6,2,7,1,4,0,1,1,0,1,43
2022/4/18,1,0,0,4,0,4,8,0,0,2,1,0,3,1,5,0,13
2022/4/19,1,0,1,0,0,3,2,1,1,1,0,0,0,2,1,0,12
2022/4/20,0,2,4,0,1,0,4,1,4,2,0,0,6,1,2,2,8
2022/4/21,5,1,0,0,2,0,2,5,2,2,1,0,0,1,3,4,17
2022/4/22,0,17,1,3,3,0,14,1,4,1,1,0,3,0,10,2,41
2022/4/23,0,51,1,11,0,0,14,4,1,2,0,0,2,0,8,7,33
2022/4/24,0,0,0,3,2,1,8,1,1,1,3,0,3,1,7,1,44
2022/4/25,2,1,0,2,1,0,7,3,2,1,3,0,1,0,1,2,11
2022/4/26,1,0,0,0,0,1,3,6,5,1,2,0,2,3,4,0,6
2022/4/27,0,2,1,0,0,0,5,1,23,3,0,0,1,2,3,0,6
2022/4/28,3,0,0,4,0,1,9,2,1,0,1,0,4,0,2,0,24
2022/4/29,0,23,0,0,2,0,9,5,3,0,1,0,2,3,8,2,58
2022/4/30,2,19,1,12,2,1,11,1,6,1,0,0,1,1,22,4,58
2022/5/1,2,4,2,1,1,1,5,14,5,1,0,1,0,2,0,0,41
2022/5/2,2,0,0,0,0,0,7,2,4,0,1,0,3,2,2,0,23
2022/5/3,0,0,0,0,1,1,10,7,1,1,1,0,0,1,0,0,5
2022/5/4,1,1,2,0,1,0,3,0,2,2,0,0,0,0,1,1,2
2022/5/5,2,0,4,0,0,0,10,0,5,0,3,0,2,0,1,1,12
2022/5/6,1,11,2,0,1,1,20,0,1,1,0,0,1,1,2,1,49
2022/5/7,0,10,0,0,0,0,19,2,2,2,1,0,1,3,3,0,22
2022/5/8,0,6,0,0,4,14,6,1,5,1,2,0,1,0,1,1,45
2022/5/9,0,0,1,1,2,1,2,3,0,3,1,0,1,0,0,0,9
2022/5/10,3,3,0,0,0,1,9,1,1,0,2,1,1,1,0,0,5
2022/5/11,2,1,0,0,1,2,3,0,2,0,1,0,1,1,0,1,7
2022/5/12,0,5,0,1,2,0,8,4,2,1,2,0,1,1,4,1,12
2022/5/13,1,12,0,1,2,1,7,0,5,2,1,0,1,1,6,2,47
2022/5/14,0,7,1,5,1,0,9,4,3,1,3,0,3,0,1,2,16
2022/5/15,2,1,1,1,0,3,3,2,2,2,0,0,5,2,3,2,53
2022/5/16,0,0,2,3,1,0,9,0,5,0,2,0,0,1,1,0,12
2022/5/17,1,0,3,0,1,0,4,3,2,0,0,0,2,1,0,1,6
2022/5/18,3,1,0,1,0,3,6,1,4,1,2,0,2,4,3,6,5
2022/5/19,1,1,2,0,1,1,11,1,4,2,1,2,1,3,0,1,11
2022/5/20,4,21,0,2,1,2,13,3,4,0,1,1,1,4,3,6,52
2022/5/21,4,12,0,6,0,2,9,1,0,1,2,0,4,0,3,2,16
2022/5/22,1,6,0,1,0,3,4,0,3,1,0,0,2,2,2,0,30
2022/5/23,1,0,0,2,1,0,7,2,2,1,1,0,2,0,1,0,6
2022/5/24,0,1,0,1,2,4,5,1,1,1,0,0,1,7,1,0,8
2022/5/25,5,2,0,0,1,0,3,1,3,1,0,0,2,0,0,2,3
2022/5/26,1,0,1,3,0,0,4,0,3,1,4,0,4,1,0,0,17
2022/5/27,1,10,0,5,2,0,5,2,2,1,1,0,2,1,5,4,60
2022/5/28,1,10,1,2,2,0,4,2,2,1,1,1,5,4,1,1,29
2022/5/29,1,0,0,1,5,0,2,7,4,1,3,0,4,3,3,0,53
2022/5/30,0,0,0,0,0,0,9,0,1,1,1,0,3,0,4,0,14
2022/5/31,2,2,0,3,4,0,2,1,2,0,2,0,0,0,1,0,11
2022/6/1,2,1,1,3,1,1,3,1,8,4,0,0,2,2,2,0,8
2022/6/2,7,9,1,4,1,0,6,1,2,3,1,1,2,4,2,1,55
2022/6/3,0,21,0,15,2,9,13,3,1,1,0,0,3,0,16,15,69
2022/6/4,1,10,0,6,0,1,6,1,0,0,1,0,1,1,12,1,28
2022/6/5,0,2,0,3,0,3,9,2,1,2,3,0,0,0,1,0,39
2022/6/6,0,3,3,1,1,1,6,4,2,0,1,0,0,3,2,0,13
2022/6/7,7,0,0,1,1,1,2,0,2,0,0,0,4,1,0,1,4
2022/6/8,0,1,0,3,2,4,6,2,1,2,0,1,0,1,3,0,8
2022/6/9,1,3,2,1,0,1,3,1,1,1,5,0,2,2,1,0,16
2022/6/10,0,17,2,2,1,1,7,3,3,1,1,0,2,3,5,3,32
2022/6/11,1,14,0,5,1,1,7,2,1,0,1,0,1,0,7,4,35
2022/6/12,1,2,3,0,0,2,8,1,6,2,2,0,2,4,3,2,49
2022/6/13,1,0,1,2,0,0,5,5,1,3,1,1,3,0,0,0,17
2022/6/14,0,1,0,1,2,0,0,3,3,2,1,0,4,1,0,0,7
2022/6/15,1,4,0,2,2,3,0,0,2,2,2,0,3,1,3,0,7
2022/6/16,2,3,0,4,5,1,2,6,0,0,0,0,6,2,2,0,14
2022/6/17,2,12,2,2,1,1,10,5,6,0,1,0,4,0,6,3,54
2022/6/18,4,16,5,9,0,1,8,2,2,1,1,0,3,0,0,4,32
2022/6/19,6,0,0,3,0,1,10,4,2,1,2,0,2,1,0,0,48
2022/6/20,2,0,0,1,0,0,4,6,4,1,0,0,5,5,0,0,16
2022/6/21,2,1,0,0,0,1,2,6,3,2,1,1,3,1,3,1,15
2022/6/22,1,1,0,0,0,0,1,4,2,1,0,0,3,1,3,4,15
2022/6/23,2,1,0,1,4,2,3,5,4,0,4,1,2,1,2,5,20
2022/6/24,2,12,1,5,0,2,7,5,5,1,2,0,1,4,9,6,38
2022/6/25,10,37,0,6,3,0,13,1,0,1,1,1,2,0,4,5,40
2022/6/26,1,4,0,9,1,0,2,2,3,1,2,3,0,2,4,1,55
2022/6/27,1,1,0,6,1,1,4,1,3,0,1,1,0,0,2,2,34
2022/6/28,5,2,1,7,0,0,12,2,2,1,2,1,5,2,2,1,13
2022/6/29,2,2,0,1,4,3,4,1,3,3,0,0,3,1,3,1,35
2022/6/30,2,3,0,6,0,2,2,3,3,2,1,0,1,2,3,1,52
2022/7/1,6,9,0,4,1,0,10,3,10,0,3,1,4,3,13,7,33
2022/7/2,1,19,0,12,3,0,10,1,2,0,1,0,5,1,8,4,39
2022/7/3,3,4,1,18,3,2,4,6,7,1,2,0,3,8,4,0,43
2022/7/4,2,0,1,10,1,2,5,1,4,7,3,0,2,2,3,3,30
2022/7/5,2,3,1,4,0,3,6,3,2,3,2,0,2,1,1,1,14
2022/7/6,4,4,2,13,1,2,1,4,2,2,3,0,2,2,3,3,29
2022/7/7,1,1,0,12,2,4,9,2,0,1,0,1,2,3,12,3,22
2022/7/8,1,15,0,11,1,1,8,1,1,0,3,1,1,2,15,4,33
2022/7/9,2,14,0,10,2,0,15,9,1,0,0,1,2,1,4,1,45
2022/7/10,4,4,0,12,3,1,5,3,2,1,0,0,1,3,11,1,50
2022/7/11,3,0,1,13,4,1,5,1,3,2,0,0,3,0,1,0,39
2022/7/12,6,2,0,7,3,1,6,3,2,1,0,0,5,1,0,1,30
2022/7/13,8,2,1,9,1,3,9,0,0,3,1,0,0,3,6,0,38
2022/7/14,0,10,3,6,0,0,6,2,4,1,1,0,2,6,1,1,60
2022/7/15,0,19,0,6,0,0,5,4,2,0,0,0,0,0,13,15,40
2022/7/16,3,34,2,8,2,0,14,0,5,0,4,0,3,2,17,6,47
2022/7/17,6,3,1,20,1,1,14,1,5,1,1,0,3,1,14,3,41
2022/7/18,3,1,0,5,3,1,4,0,7,2,2,0,4,1,1,2,29
2022/7/19,2,1,1,7,1,2,10,10,4,2,0,2,2,0,3,2,29
2022/7/20,0,6,0,23,0,0,1,2,6,2,0,0,2,1,3,3,32
2022/7/21,3,3,0,10,3,0,8,0,7,0,2,0,4,2,7,5,27
2022/7/22,4,14,0,9,1,0,9,0,5,0,4,0,2,0,12,12,39
2022/7/23,1,39,2,16,1,2,12,1,8,3,1,4,1,1,29,21,28
2022/7/24,2,5,1,11,1,0,12,0,6,1,0,0,5,0,4,9,50
2022/7/25,3,3,2,9,0,0,14,2,2,3,2,0,1,1,3,2,44
2022/7/26,2,8,0,2,0,1,9,2,2,3,0,3,3,2,5,0,47
2022/7/27,0,1,0,4,1,4,4,0,4,3,2,0,2,3,0,1,47
2022/7/28,2,4,3,17,2,1,4,2,0,1,1,1,2,4,7,0,52
2022/7/29,4,23,1,6,1,0,9,3,2,0,1,0,0,2,17,4,54
2022/7/30,2,31,0,15,0,0,10,3,0,0,1,0,5,4,19,4,49
2022/7/31,1,2,1,11,2,0,17,4,9,1,1,0,5,4,9,0,49
2022/8/1,1,4,0,6,0,2,10,1,7,3,2,3,3,5,2,0,37
2022/8/2,1,2,0,7,0,2,3,3,3,1,0,1,3,5,10,1,27
2022/8/3,2,4,1,9,1,1,13,2,2,0,0,2,7,5,7,0,23
2022/8/4,2,7,0,8,1,4,2,8,9,0,3,1,2,5,8,0,46
2022/8/5,7,10,0,4,4,2,17,3,2,3,1,1,2,4,14,0,53
2022/8/6,3,27,1,15,3,0,7,2,6,2,1,0,3,3,12,2,49
2022/8/7,1,3,4,11,0,0,4,0,6,0,6,0,2,4,19,0,50
2022/8/8,3,3,3,4,3,0,5,4,2,0,1,1,1,4,5,0,32
2022/8/9,2,3,3,3,1,0,5,0,2,2,0,0,3,6,4,0,29
2022/8/10,5,3,0,6,1,2,6,1,5,3,3,4,1,4,8,0,37
2022/8/11,2,7,2,3,1,1,7,2,5,0,2,0,0,2,8,1,49
2022/8/12,3,27,1,12,1,0,15,3,7,0,0,1,2,4,37,0,53
2022/8/13,2,25,3,13,0,1,21,1,3,1,3,2,2,3,38,2,42
2022/8/14,3,4,0,13,0,0,14,2,3,0,2,0,1,2,14,2,55
2022/8/15,3,5,0,3,1,0,3,2,3,0,1,0,4,3,13,0,28
2022/8/16,3,7,0,15,2,0,5,1,4,0,1,0,8,4,6,0,37
2022/8/17,6,4,0,9,0,0,10,4,3,4,0,1,6,0,6,0,23
2022/8/18,2,9,0,6,0,4,4,0,4,1,6,0,2,3,10,0,33
2022/8/19,4,22,0,10,0,1,31,2,5,3,3,1,0,3,25,0,42
2022/8/20,3,26,0,19,4,1,18,2,35,1,1,0,2,3,29,0,44
2022/8/21,2,9,2,25,2,0,3,0,3,3,0,1,1,3,18,1,53
2022/8/22,1,5,2,14,0,0,8,0,0,0,2,0,5,0,7,0,51
2022/8/23,1,3,0,4,0,1,3,1,5,0,2,2,4,2,14,0,26
2022/8/24,4,7,0,4,0,1,5,0,5,0,3,2,1,1,9,0,21
2022/8/25,4,9,0,5,1,2,4,1,4,2,0,3,1,6,14,0,44
2022/8/26,6,21,2,5,5,1,17,2,2,1,0,1,5,8,25,0,46
2022/8/27,4,49,0,23,1,5,20,1,6,0,0,0,2,11,25,2,44
2022/8/28,8,10,0,8,4,1,8,3,1,4,5,1,4,4,23,0,68
2022/8/29,2,7,0,5,0,0,3,1,2,0,1,1,0,7,8,0,36
2022/8/30,1,3,0,3,0,2,5,1,6,0,1,3,3,7,6,0,14
2022/8/31,2,7,0,1,2,0,7,0,6,0,0,0,7,13,5,0,14
2022/9/1,3,3,1,2,0,0,8,3,6,0,2,0,13,7,15,0,39
2022/9/2,5,21,3,9,2,0,17,4,4,2,2,3,2,9,18,1,53
2022/9/3,1,33,4,17,4,2,12,1,3,1,3,1,1,3,40,2,40
2022/9/4,2,7,1,3,1,5,10,1,0,5,7,1,2,1,8,0,46
2022/9/5,4,3,0,4,3,0,12,1,2,1,1,1,2,8,3,0,24
2022/9/6,0,2,1,6,5,2,4,1,7,2,3,1,2,2,9,0,18
2022/9/7,3,6,1,5,1,1,6,4,2,0,1,2,2,2,5,0,12
2022/9/8,7,17,1,3,1,1,8,1,5,0,1,1,2,1,12,0,41
2022/9/9,2,38,1,14,2,1,14,2,3,0,2,0,3,1,40,0,52
2022/9/10,4,26,0,10,1,1,24,2,3,3,0,1,3,12,33,0,38
2022/9/11,3,1,0,5,2,1,11,1,3,2,2,1,2,6,5,0,42
2022/9/12,2,0,0,0,1,2,2,1,2,2,0,1,3,3,3,0,20
2022/9/13,1,0,1,2,4,1,5,1,1,1,0,0,4,4,1,0,8
2022/9/14,0,0,1,1,1,3,6,3,2,2,1,1,2,9,1,0,11
2022/9/15,3,1,1,3,3,0,10,3,5,1,4,0,0,5,2,0,23
2022/9/16,3,18,0,12,0,0,7,2,1,0,0,1,2,5,12,0,69
2022/9/17,2,25,4,23,0,0,19,3,7,2,1,1,2,6,28,0,41
2022/9/18,2,3,0,4,0,1,3,2,3,0,1,1,2,2,5,0,54
2022/9/19,4,1,0,1,1,1,4,3,4,2,1,1,6,0,3,0,22
2022/9/20,0,2,3,2,3,2,5,2,7,0,2,0,5,4,3,0,22
2022/9/21,5,1,1,1,1,0,2,1,2,1,2,2,3,2,2,0,12
2022/9/22,4,2,0,2,0,1,9,2,2,0,1,1,1,10,3,0,14
2022/9/23,2,23,0,2,2,0,7,3,5,2,2,3,2,2,15,1,57
2022/9/24,3,48,2,9,2,0,6,0,4,1,2,0,8,4,15,0,38
2022/9/25,4,7,0,2,1,0,5,3,3,4,1,0,6,2,1,0,30
2022/9/26,3,1,0,7,1,0,9,1,1,1,2,0,1,0,0,0,23
2022/9/27,4,2,0,1,0,3,3,0,1,0,4,0,3,4,4,0,9
2022/9/28,1,3,0,0,0,0,3,1,4,2,2,2,0,1,1,0,13
2022/9/29,2,1,2,0,2,1,7,3,5,3,2,1,4,4,0,0,27
2022/9/30,7,15,1,2,4,2,9,5,7,4,1,1,9,12,10,0,49
2022/10/1,8,31,1,12,2,1,18,7,9,5,1,0,7,7,17,0,28
2022/10/2,4,2,0,2,2,1,1,1,6,1,3,0,7,2,2,0,43
2022/10/3,4,0,1,0,3,2,6,3,8,0,5,1,2,3,3,0,11